start_name,end_name,time_seconds
依仁堂,資電學院,81
資電學院,依仁堂,81
依仁堂,羽球館,91
羽球館,依仁堂,91
依仁堂,通訊系,89
通訊系,依仁堂,89
依仁堂,電機系,68
電機系,依仁堂,68
依仁堂,教學研究綜合大樓,58
教學研究綜合大樓,依仁堂,58
依仁堂,大禮堂,112
大禮堂,依仁堂,112
依仁堂,漢堡王,116
漢堡王,依仁堂,116
依仁堂,全家便利商店(中大店),109
全家便利商店(中大店),依仁堂,109
依仁堂,麥味登,106
麥味登,依仁堂,106
依仁堂,松院餐廳,104
松院餐廳,依仁堂,104
依仁堂,路易莎咖啡,108
路易莎咖啡,依仁堂,108
土木系館&化材系館,資電學院,85
資電學院,土木系館&化材系館,85
土木系館&化材系館,中央大學後門,100
中央大學後門,土木系館&化材系館,100
土木系館&化材系館,第二行政中心,107
第二行政中心,土木系館&化材系館,107
土木系館&化材系館,工程一館,10
工程一館,土木系館&化材系館,10
土木系館&化材系館,通訊系,83
通訊系,土木系館&化材系館,83
土木系館&化材系館,電機系,106
電機系,土木系館&化材系館,106
土木系館&化材系館,教學研究綜合大樓,113
教學研究綜合大樓,土木系館&化材系館,113
土木系館&化材系館,大禮堂,79
大禮堂,土木系館&化材系館,79
土木系館&化材系館,女一舍,103
女一舍,土木系館&化材系館,103
土木系館&化材系館,女三舍,115
女三舍,土木系館&化材系館,115
資電學院,中央大學後門,72
中央大學後門,資電學院,72
資電學院,工程一館,85
工程一館,資電學院,85
資電學院,通訊系,10
通訊系,資電學院,10
資電學院,電機系,20
電機系,資電學院,20
資電學院,教學研究綜合大樓,79
教學研究綜合大樓,資電學院,79
資電學院,大禮堂,96
大禮堂,資電學院,96
資電學院,女一舍,115
女一舍,資電學院,115
資電學院,女二舍,98
女二舍,資電學院,98
資電學院,女四舍,118
女四舍,資電學院,118
資電學院,單二舍,115
單二舍,資電學院,115
資電學院,單四舍,117
單四舍,資電學院,117
資電學院,漢堡王,100
漢堡王,資電學院,100
資電學院,全家便利商店(中大店),98
全家便利商店(中大店),資電學院,98
資電學院,麥味登,88
麥味登,資電學院,88
資電學院,松院餐廳,93
松院餐廳,資電學院,93
資電學院,路易莎咖啡,92
路易莎咖啡,資電學院,92
中央大學在台復校紀念碑,中央大學警衛室,88
中央大學警衛室,中央大學在台復校紀念碑,88
中央大學在台復校紀念碑,觀景台,10
觀景台,中央大學在台復校紀念碑,10
中央大學在台復校紀念碑,中央大學圖書館,80
中央大學圖書館,中央大學在台復校紀念碑,80
中央大學在台復校紀念碑,文學二館,120
文學二館,中央大學在台復校紀念碑,120
中央大學在台復校紀念碑,總圖書館,113
總圖書館,中央大學在台復校紀念碑,113
中央大學在台復校紀念碑,地球科學院,106
地球科學院,中央大學在台復校紀念碑,106
中央大學在台復校紀念碑,大講堂,77
大講堂,中央大學在台復校紀念碑,77
中央大學在台復校紀念碑,行政大樓,53
行政大樓,中央大學在台復校紀念碑,53
中央大學在台復校紀念碑,據德樓,116
據德樓,中央大學在台復校紀念碑,116
中央大學宵夜街口,中央大學郵局,86
中央大學郵局,中央大學宵夜街口,86
中央大學宵夜街口,敦煌書局,116
敦煌書局,中央大學宵夜街口,116
中央大學宵夜街口,宿舍服務中心,96
宿舍服務中心,中央大學宵夜街口,96
中央大學宵夜街口,男三舍,20
男三舍,中央大學宵夜街口,20
中央大學宵夜街口,男十一舍,114
男十一舍,中央大學宵夜街口,114
中央大學宵夜街口,女三舍,123
女三舍,中央大學宵夜街口,123
中央大學宵夜街口,女十四舍,65
女十四舍,中央大學宵夜街口,65
中央大學宵夜街口,國際學生宿舍,93
國際學生宿舍,中央大學宵夜街口,93
中央大學宵夜街口,志道樓,24
志道樓,中央大學宵夜街口,24
中央大學宵夜街口,OK超商,18
OK超商,中央大學宵夜街口,18
中央大學宵夜街口,饕客滷味,30
饕客滷味,中央大學宵夜街口,30
中央大學宵夜街口,Ale,84
Ale,中央大學宵夜街口,84
中央大學宵夜街口,韓林,92
韓林,中央大學宵夜街口,92
中央大學宵夜街口,香城燒臘,59
香城燒臘,中央大學宵夜街口,59
中央大學宵夜街口,雙寶爸涼麵,124
雙寶爸涼麵,中央大學宵夜街口,124
中央大學宵夜街口,內卡小館,117
內卡小館,中央大學宵夜街口,117
中央大學宵夜街口,燒餅窯,114
燒餅窯,中央大學宵夜街口,114
中央大學宵夜街口,瑞麟美而美,88
瑞麟美而美,中央大學宵夜街口,88
中央大學宵夜街口,小豬滷味,68
小豬滷味,中央大學宵夜街口,68
中央大學宵夜街口,微笑轉角,64
微笑轉角,中央大學宵夜街口,64
中央大學宵夜街口,霸王,57
霸王,中央大學宵夜街口,57
中央大學宵夜街口,咖哩老師,49
咖哩老師,中央大學宵夜街口,49
中央大學宵夜街口,山頂洞人,44
山頂洞人,中央大學宵夜街口,44
中央大學宵夜街口,小惡魔,35
小惡魔,中央大學宵夜街口,35
中央大學宵夜街口,粥王,27
粥王,中央大學宵夜街口,27
中央大學宵夜街口,銀河炒飯,26
銀河炒飯,中央大學宵夜街口,26
中央大學宵夜街口,一品鍋,10
一品鍋,中央大學宵夜街口,10
中央大學宵夜街口,無敵蛋餅,10
無敵蛋餅,中央大學宵夜街口,10
中央大學宵夜街口,包子饅頭,10
包子饅頭,中央大學宵夜街口,10
中央大學宵夜街口,花茶大師,12
花茶大師,中央大學宵夜街口,12
中央大學宵夜街口,鬼島漢堡,50
鬼島漢堡,中央大學宵夜街口,50
中央大學宵夜街口,雞排車,55
雞排車,中央大學宵夜街口,55
中央大學宵夜街口,一億園,46
一億園,中央大學宵夜街口,46
中央大學宵夜街口,夏克奶茶,43
夏克奶茶,中央大學宵夜街口,43
中央大學宵夜街口,東東生鮮手工大水餃,36
東東生鮮手工大水餃,中央大學宵夜街口,36
中央大學宵夜街口,美味王,28
美味王,中央大學宵夜街口,28
中央大學宵夜街口,滿食記燒肉丼飯,19
滿食記燒肉丼飯,中央大學宵夜街口,19
中央大學宵夜街口,Enf-健康輕食餐,22
Enf-健康輕食餐,中央大學宵夜街口,22
中央大學宵夜街口,饌食園,26
饌食園,中央大學宵夜街口,26
中央大學宵夜街口,香恬園,14
香恬園,中央大學宵夜街口,14
中央大學宵夜街口,宵夜屋自助餐,15
宵夜屋自助餐,中央大學宵夜街口,15
中央大學宵夜街口,來來炒飯,15
來來炒飯,中央大學宵夜街口,15
中央大學宵夜街口,喬慧素食,16
喬慧素食,中央大學宵夜街口,16
中央大學宵夜街口,來客,64
來客,中央大學宵夜街口,64
中央大學宵夜街口,真功夫蔥抓餅,63
真功夫蔥抓餅,中央大學宵夜街口,63
中央大學宵夜街口,傻師傅湯包,78
傻師傅湯包,中央大學宵夜街口,78
中央大學宵夜街口,早安美芝城中壢活力中央,102
早安美芝城中壢活力中央,中央大學宵夜街口,102
中央大學宵夜街口,京城韓式湯飯,122
京城韓式湯飯,中央大學宵夜街口,122
中央大學宵夜街口,雞師父醬汁照燒雞排,72
雞師父醬汁照燒雞排,中央大學宵夜街口,72
中央大學宵夜街口,燈丫腳湯包車,73
燈丫腳湯包車,中央大學宵夜街口,73
中央大學宵夜街口,Ticket Toast 提齊熱壓吐司,69
Ticket Toast 提齊熱壓吐司,中央大學宵夜街口,69
中央大學宵夜街口,Main蛋,13
Main蛋,中央大學宵夜街口,13
太極銅雕,國鼎圖書館,68
國鼎圖書館,太極銅雕,68
太極銅雕,文學二館,85
文學二館,太極銅雕,85
太極銅雕,文學一館,76
文學一館,太極銅雕,76
太極銅雕,綜教館(語言中心),111
綜教館(語言中心),太極銅雕,111
太極銅雕,第二行政中心,94
第二行政中心,太極銅雕,94
太極銅雕,總圖書館,110
總圖書館,太極銅雕,110
太極銅雕,志希館,85
志希館,太極銅雕,85
太極銅雕,小木屋鬆餅,64
小木屋鬆餅,太極銅雕,64
國鼎圖書館,文學二館,103
文學二館,國鼎圖書館,103
國鼎圖書館,文學一館,63
文學一館,國鼎圖書館,63
國鼎圖書館,管理學院二館,86
管理學院二館,國鼎圖書館,86
國鼎圖書館,綜教館(語言中心),109
綜教館(語言中心),國鼎圖書館,109
國鼎圖書館,志希館,48
志希館,國鼎圖書館,48
國鼎圖書館,人文社會科學大樓,105
人文社會科學大樓,國鼎圖書館,105
國鼎圖書館,中大會館,108
中大會館,國鼎圖書館,108
國鼎圖書館,曦望居,97
曦望居,國鼎圖書館,97
國鼎圖書館,小木屋鬆餅,59
小木屋鬆餅,國鼎圖書館,59
國鼎圖書館,香米便當,118
香米便當,國鼎圖書館,118
天文研究所,中大湖,98
中大湖,天文研究所,98
天文研究所,湖心亭,62
湖心亭,天文研究所,62
天文研究所,科學四館,10
科學四館,天文研究所,10
天文研究所,鴻經館,87
鴻經館,天文研究所,87
天文研究所,客家學院,124
客家學院,天文研究所,124
天文研究所,科五館(S5),65
科五館(S5),天文研究所,65
天文研究所,理學院教學館(普化實驗大樓),35
理學院教學館(普化實驗大樓),天文研究所,35
天文研究所,科三館,65
科三館,天文研究所,65
中央大學郵局,敦煌書局,36
敦煌書局,中央大學郵局,36
中央大學郵局,宿舍服務中心,35
宿舍服務中心,中央大學郵局,35
中央大學郵局,男三舍,102
男三舍,中央大學郵局,102
中央大學郵局,男五舍,61
男五舍,中央大學郵局,61
中央大學郵局,男六舍,99
男六舍,中央大學郵局,99
中央大學郵局,男七舍,74
男七舍,中央大學郵局,74
中央大學郵局,男十一舍,30
男十一舍,中央大學郵局,30
中央大學郵局,女十四舍,27
女十四舍,中央大學郵局,27
中央大學郵局,國際學生宿舍,41
國際學生宿舍,中央大學郵局,41
中央大學郵局,志道樓,62
志道樓,中央大學郵局,62
中央大學郵局,OK超商,87
OK超商,中央大學郵局,87
中央大學郵局,饕客滷味,100
饕客滷味,中央大學郵局,100
中央大學郵局,香城燒臘,117
香城燒臘,中央大學郵局,117
中央大學郵局,小豬滷味,121
小豬滷味,中央大學郵局,121
中央大學郵局,微笑轉角,114
微笑轉角,中央大學郵局,114
中央大學郵局,霸王,109
霸王,中央大學郵局,109
中央大學郵局,咖哩老師,103
咖哩老師,中央大學郵局,103
中央大學郵局,山頂洞人,100
山頂洞人,中央大學郵局,100
中央大學郵局,小惡魔,95
小惡魔,中央大學郵局,95
中央大學郵局,粥王,91
粥王,中央大學郵局,91
中央大學郵局,銀河炒飯,89
銀河炒飯,中央大學郵局,89
中央大學郵局,一品鍋,79
一品鍋,中央大學郵局,79
中央大學郵局,無敵蛋餅,91
無敵蛋餅,中央大學郵局,91
中央大學郵局,包子饅頭,91
包子饅頭,中央大學郵局,91
中央大學郵局,花茶大師,92
花茶大師,中央大學郵局,92
中央大學郵局,鬼島漢堡,109
鬼島漢堡,中央大學郵局,109
中央大學郵局,雞排車,112
雞排車,中央大學郵局,112
中央大學郵局,一億園,108
一億園,中央大學郵局,108
中央大學郵局,夏克奶茶,106
夏克奶茶,中央大學郵局,106
中央大學郵局,東東生鮮手工大水餃,102
東東生鮮手工大水餃,中央大學郵局,102
中央大學郵局,美味王,90
美味王,中央大學郵局,90
中央大學郵局,滿食記燒肉丼飯,94
滿食記燒肉丼飯,中央大學郵局,94
中央大學郵局,Enf-健康輕食餐,96
Enf-健康輕食餐,中央大學郵局,96
中央大學郵局,饌食園,97
饌食園,中央大學郵局,97
中央大學郵局,香恬園,81
香恬園,中央大學郵局,81
中央大學郵局,宵夜屋自助餐,82
宵夜屋自助餐,中央大學郵局,82
中央大學郵局,來來炒飯,84
來來炒飯,中央大學郵局,84
中央大學郵局,喬慧素食,83
喬慧素食,中央大學郵局,83
中央大學郵局,7餐(松果餐廳),71
7餐(松果餐廳),中央大學郵局,71
中央大學郵局,Ticket Toast 提齊熱壓吐司,124
Ticket Toast 提齊熱壓吐司,中央大學郵局,124
中央大學郵局,Main蛋,80
Main蛋,中央大學郵局,80
敦煌書局,宿舍服務中心,63
宿舍服務中心,敦煌書局,63
敦煌書局,男五舍,53
男五舍,敦煌書局,53
敦煌書局,男六舍,73
男六舍,敦煌書局,73
敦煌書局,男七舍,41
男七舍,敦煌書局,41
敦煌書局,男十一舍,11
男十一舍,敦煌書局,11
敦煌書局,女十四舍,51
女十四舍,敦煌書局,51
敦煌書局,國際學生宿舍,70
國際學生宿舍,敦煌書局,70
敦煌書局,志道樓,95
志道樓,敦煌書局,95
敦煌書局,OK超商,113
OK超商,敦煌書局,113
敦煌書局,饕客滷味,123
饕客滷味,敦煌書局,123
敦煌書局,咖哩老師,122
咖哩老師,敦煌書局,122
敦煌書局,山頂洞人,120
山頂洞人,敦煌書局,120
敦煌書局,小惡魔,117
小惡魔,敦煌書局,117
敦煌書局,粥王,115
粥王,敦煌書局,115
敦煌書局,銀河炒飯,113
銀河炒飯,敦煌書局,113
敦煌書局,一品鍋,108
一品鍋,敦煌書局,108
敦煌書局,無敵蛋餅,120
無敵蛋餅,敦煌書局,120
敦煌書局,包子饅頭,120
包子饅頭,敦煌書局,120
敦煌書局,花茶大師,120
花茶大師,敦煌書局,120
敦煌書局,美味王,114
美味王,敦煌書局,114
敦煌書局,滿食記燒肉丼飯,121
滿食記燒肉丼飯,敦煌書局,121
敦煌書局,Enf-健康輕食餐,122
Enf-健康輕食餐,敦煌書局,122
敦煌書局,饌食園,122
饌食園,敦煌書局,122
敦煌書局,香恬園,109
香恬園,敦煌書局,109
敦煌書局,宵夜屋自助餐,110
宵夜屋自助餐,敦煌書局,110
敦煌書局,來來炒飯,111
來來炒飯,敦煌書局,111
敦煌書局,喬慧素食,110
喬慧素食,敦煌書局,110
敦煌書局,7餐(松果餐廳),38
7餐(松果餐廳),敦煌書局,38
敦煌書局,Main蛋,108
Main蛋,敦煌書局,108
中央大學警衛室,觀景台,95
觀景台,中央大學警衛室,95
中央大學警衛室,中央大學圖書館,105
中央大學圖書館,中央大學警衛室,105
中央大學警衛室,文學二館,83
文學二館,中央大學警衛室,83
中央大學警衛室,文學一館,91
文學一館,中央大學警衛室,91
中央大學警衛室,總圖書館,122
總圖書館,中央大學警衛室,122
中央大學警衛室,人文社會科學大樓,46
人文社會科學大樓,中央大學警衛室,46
中央大學警衛室,行政大樓,73
行政大樓,中央大學警衛室,73
中央大學警衛室,香米便當,114
香米便當,中央大學警衛室,114
中央大學後門,工程一館,95
工程一館,中央大學後門,95
中央大學後門,通訊系,64
通訊系,中央大學後門,64
中央大學後門,電機系,81
電機系,中央大學後門,81
中央大學後門,女一舍,52
女一舍,中央大學後門,52
中央大學後門,女二舍,29
女二舍,中央大學後門,29
中央大學後門,女三舍,58
女三舍,中央大學後門,58
中央大學後門,女四舍,48
女四舍,中央大學後門,48
中央大學後門,單一舍,96
單一舍,中央大學後門,96
中央大學後門,單二舍,95
單二舍,中央大學後門,95
中央大學後門,單四舍,113
單四舍,中央大學後門,113
中央大學後門,漢堡王,107
漢堡王,中央大學後門,107
中央大學後門,全家便利商店(中大店),110
全家便利商店(中大店),中央大學後門,110
中央大學後門,麥味登,98
麥味登,中央大學後門,98
中央大學後門,松院餐廳,108
松院餐廳,中央大學後門,108
中央大學後門,路易莎咖啡,103
路易莎咖啡,中央大學後門,103
觀景台,中央大學圖書館,77
中央大學圖書館,觀景台,77
觀景台,文學二館,123
文學二館,觀景台,123
觀景台,總圖書館,111
總圖書館,觀景台,111
觀景台,地球科學院,99
地球科學院,觀景台,99
觀景台,大講堂,72
大講堂,觀景台,72
觀景台,行政大樓,54
行政大樓,觀景台,54
觀景台,據德樓,110
據德樓,觀景台,110
中央大學圖書館,文學二館,69
文學二館,中央大學圖書館,69
中央大學圖書館,文學一館,114
文學一館,中央大學圖書館,114
中央大學圖書館,第二行政中心,88
第二行政中心,中央大學圖書館,88
中央大學圖書館,總圖書館,34
總圖書館,中央大學圖書館,34
中央大學圖書館,地球科學院,70
地球科學院,中央大學圖書館,70
中央大學圖書館,人文社會科學大樓,119
人文社會科學大樓,中央大學圖書館,119
中央大學圖書館,行政大樓,35
行政大樓,中央大學圖書館,35
中大湖,湖心亭,36
湖心亭,中大湖,36
中大湖,國鼎光電大樓,100
國鼎光電大樓,中大湖,100
中大湖,科學四館,90
科學四館,中大湖,90
中大湖,科學二館(理學院大樓),65
科學二館(理學院大樓),中大湖,65
中大湖,鴻經館,105
鴻經館,中大湖,105
中大湖,綜教館(語言中心),110
綜教館(語言中心),中大湖,110
中大湖,客家學院,110
客家學院,中大湖,110
中大湖,理學院教學館(普化實驗大樓),114
理學院教學館(普化實驗大樓),中大湖,114
中大湖,科三館,59
科三館,中大湖,59
湖心亭,國鼎光電大樓,114
國鼎光電大樓,湖心亭,114
湖心亭,科學四館,54
科學四館,湖心亭,54
湖心亭,科學二館(理學院大樓),86
科學二館(理學院大樓),湖心亭,86
湖心亭,鴻經館,89
鴻經館,湖心亭,89
湖心亭,綜教館(語言中心),112
綜教館(語言中心),湖心亭,112
湖心亭,客家學院,103
客家學院,湖心亭,103
湖心亭,科五館(S5),102
科五館(S5),湖心亭,102
湖心亭,理學院教學館(普化實驗大樓),82
理學院教學館(普化實驗大樓),湖心亭,82
湖心亭,科三館,42
科三館,湖心亭,42
宿舍服務中心,地球科學院,117
地球科學院,宿舍服務中心,117
宿舍服務中心,男三舍,107
男三舍,宿舍服務中心,107
宿舍服務中心,男五舍,56
男五舍,宿舍服務中心,56
宿舍服務中心,男六舍,105
男六舍,宿舍服務中心,105
宿舍服務中心,男七舍,91
男七舍,宿舍服務中心,91
宿舍服務中心,男十一舍,52
男十一舍,宿舍服務中心,52
宿舍服務中心,女十四舍,56
女十四舍,宿舍服務中心,56
宿舍服務中心,國際學生宿舍,10
國際學生宿舍,宿舍服務中心,10
宿舍服務中心,志道樓,72
志道樓,宿舍服務中心,72
宿舍服務中心,OK超商,103
OK超商,宿舍服務中心,103
宿舍服務中心,饕客滷味,118
饕客滷味,宿舍服務中心,118
宿舍服務中心,山頂洞人,122
山頂洞人,宿舍服務中心,122
宿舍服務中心,小惡魔,116
小惡魔,宿舍服務中心,116
宿舍服務中心,粥王,110
粥王,宿舍服務中心,110
宿舍服務中心,銀河炒飯,108
銀河炒飯,宿舍服務中心,108
宿舍服務中心,一品鍋,92
一品鍋,宿舍服務中心,92
宿舍服務中心,無敵蛋餅,103
無敵蛋餅,宿舍服務中心,103
宿舍服務中心,包子饅頭,104
包子饅頭,宿舍服務中心,104
宿舍服務中心,花茶大師,106
花茶大師,宿舍服務中心,106
宿舍服務中心,東東生鮮手工大水餃,122
東東生鮮手工大水餃,宿舍服務中心,122
宿舍服務中心,美味王,109
美味王,宿舍服務中心,109
宿舍服務中心,滿食記燒肉丼飯,110
滿食記燒肉丼飯,宿舍服務中心,110
宿舍服務中心,Enf-健康輕食餐,112
Enf-健康輕食餐,宿舍服務中心,112
宿舍服務中心,饌食園,114
饌食園,宿舍服務中心,114
宿舍服務中心,香恬園,97
香恬園,宿舍服務中心,97
宿舍服務中心,宵夜屋自助餐,98
宵夜屋自助餐,宿舍服務中心,98
宿舍服務中心,來來炒飯,99
來來炒飯,宿舍服務中心,99
宿舍服務中心,喬慧素食,99
喬慧素食,宿舍服務中心,99
宿舍服務中心,7餐(松果餐廳),88
7餐(松果餐廳),宿舍服務中心,88
宿舍服務中心,Main蛋,95
Main蛋,宿舍服務中心,95
羽球館,中大國民運動中心,100
中大國民運動中心,羽球館,100
羽球館,國鼎光電大樓,113
國鼎光電大樓,羽球館,113
羽球館,教學研究綜合大樓,103
教學研究綜合大樓,羽球館,103
中大國民運動中心,國鼎光電大樓,67
國鼎光電大樓,中大國民運動中心,67
中大國民運動中心,客家學院,122
客家學院,中大國民運動中心,122
國鼎光電大樓,客家學院,61
客家學院,國鼎光電大樓,61
科學四館,鴻經館,84
鴻經館,科學四館,84
科學四館,客家學院,121
客家學院,科學四館,121
科學四館,科五館(S5),67
科五館(S5),科學四館,67
科學四館,理學院教學館(普化實驗大樓),37
理學院教學館(普化實驗大樓),科學四館,37
科學四館,科三館,58
科三館,科學四館,58
科學二館(理學院大樓),鴻經館,88
鴻經館,科學二館(理學院大樓),88
科學二館(理學院大樓),綜教館(語言中心),60
綜教館(語言中心),科學二館(理學院大樓),60
科學二館(理學院大樓),志希館,120
志希館,科學二館(理學院大樓),120
科學二館(理學院大樓),科三館,69
科三館,科學二館(理學院大樓),69
科學二館(理學院大樓),小木屋鬆餅,97
小木屋鬆餅,科學二館(理學院大樓),97
文學二館,文學一館,45
文學一館,文學二館,45
文學二館,第二行政中心,95
第二行政中心,文學二館,95
文學二館,總圖書館,61
總圖書館,文學二館,61
文學二館,人文社會科學大樓,68
人文社會科學大樓,文學二館,68
文學二館,行政大樓,69
行政大樓,文學二館,69
文學一館,總圖書館,104
總圖書館,文學一館,104
文學一館,志希館,110
志希館,文學一館,110
文學一館,人文社會科學大樓,53
人文社會科學大樓,文學一館,53
文學一館,行政大樓,108
行政大樓,文學一館,108
文學一館,小木屋鬆餅,111
小木屋鬆餅,文學一館,111
文學一館,香米便當,109
香米便當,文學一館,109
鴻經館,管理學院二館,77
管理學院二館,鴻經館,77
鴻經館,綜教館(語言中心),54
綜教館(語言中心),鴻經館,54
鴻經館,志希館,99
志希館,鴻經館,99
鴻經館,科五館(S5),51
科五館(S5),鴻經館,51
鴻經館,理學院教學館(普化實驗大樓),65
理學院教學館(普化實驗大樓),鴻經館,65
鴻經館,科三館,48
科三館,鴻經館,48
鴻經館,小木屋鬆餅,101
小木屋鬆餅,鴻經館,101
管理學院二館,綜教館(語言中心),73
綜教館(語言中心),管理學院二館,73
管理學院二館,志希館,46
志希館,管理學院二館,46
管理學院二館,科五館(S5),104
科五館(S5),管理學院二館,104
管理學院二館,科三館,123
科三館,管理學院二館,123
管理學院二館,男十二舍,119
男十二舍,管理學院二館,119
管理學院二館,中大會館,113
中大會館,管理學院二館,113
管理學院二館,曦望居,62
曦望居,管理學院二館,62
管理學院二館,小木屋鬆餅,72
小木屋鬆餅,管理學院二館,72
綜教館(語言中心),志希館,65
志希館,綜教館(語言中心),65
綜教館(語言中心),科五館(S5),105
科五館(S5),綜教館(語言中心),105
綜教館(語言中心),理學院教學館(普化實驗大樓),118
理學院教學館(普化實驗大樓),綜教館(語言中心),118
綜教館(語言中心),科三館,74
科三館,綜教館(語言中心),74
綜教館(語言中心),小木屋鬆餅,53
小木屋鬆餅,綜教館(語言中心),53
第二行政中心,總圖書館,55
總圖書館,第二行政中心,55
第二行政中心,地球科學院,114
地球科學院,第二行政中心,114
第二行政中心,工程一館,112
工程一館,第二行政中心,112
第二行政中心,行政大樓,120
行政大樓,第二行政中心,120
第二行政中心,大禮堂,105
大禮堂,第二行政中心,105
總圖書館,地球科學院,84
地球科學院,總圖書館,84
總圖書館,人文社會科學大樓,124
人文社會科學大樓,總圖書館,124
總圖書館,行政大樓,64
行政大樓,總圖書館,64
太空及遙測研究中心,環工所,51
環工所,太空及遙測研究中心,51
太空及遙測研究中心,工程五館,77
工程五館,太空及遙測研究中心,77
太空及遙測研究中心,前瞻科技研究中心,122
前瞻科技研究中心,太空及遙測研究中心,122
太空及遙測研究中心,工程三館(機械館),102
工程三館(機械館),太空及遙測研究中心,102
志希館,中大會館,122
中大會館,志希館,122
志希館,曦望居,86
曦望居,志希館,86
志希館,小木屋鬆餅,32
小木屋鬆餅,志希館,32
地球科學院,大講堂,117
大講堂,地球科學院,117
地球科學院,行政大樓,94
行政大樓,地球科學院,94
地球科學院,國際學生宿舍,112
國際學生宿舍,地球科學院,112
客家學院,中大雲鼎,71
中大雲鼎,客家學院,71
環工所,大型力學實驗室,89
大型力學實驗室,環工所,89
環工所,工程三館(機械館),91
工程三館(機械館),環工所,91
大型力學實驗室,工程三館(機械館),76
工程三館(機械館),大型力學實驗室,76
工程五館,前瞻科技研究中心,49
前瞻科技研究中心,工程五館,49
大講堂,行政大樓,123
行政大樓,大講堂,123
大講堂,男五舍,119
男五舍,大講堂,119
大講堂,男六舍,122
男六舍,大講堂,122
大講堂,男13舍,70
男13舍,大講堂,70
大講堂,據德樓,40
據德樓,大講堂,40
工程一館,通訊系,82
通訊系,工程一館,82
工程一館,電機系,105
電機系,工程一館,105
工程一館,教學研究綜合大樓,117
教學研究綜合大樓,工程一館,117
工程一館,大禮堂,85
大禮堂,工程一館,85
工程一館,女一舍,97
女一舍,工程一館,97
工程一館,女二舍,122
女二舍,工程一館,122
工程一館,女三舍,109
女三舍,工程一館,109
通訊系,電機系,25
電機系,通訊系,25
通訊系,教學研究綜合大樓,87
教學研究綜合大樓,通訊系,87
通訊系,大禮堂,101
大禮堂,通訊系,101
通訊系,女一舍,107
女一舍,通訊系,107
通訊系,女二舍,91
女二舍,通訊系,91
通訊系,女三舍,117
女三舍,通訊系,117
通訊系,女四舍,110
女四舍,通訊系,110
通訊系,單二舍,112
單二舍,通訊系,112
通訊系,單四舍,115
單四舍,通訊系,115
通訊系,漢堡王,99
漢堡王,通訊系,99
通訊系,全家便利商店(中大店),98
全家便利商店(中大店),通訊系,98
通訊系,麥味登,87
麥味登,通訊系,87
通訊系,松院餐廳,93
松院餐廳,通訊系,93
通訊系,路易莎咖啡,91
路易莎咖啡,通訊系,91
電機系,教學研究綜合大樓,81
教學研究綜合大樓,電機系,81
電機系,大禮堂,108
大禮堂,電機系,108
電機系,女二舍,104
女二舍,電機系,104
電機系,女四舍,123
女四舍,電機系,123
電機系,單二舍,104
單二舍,電機系,104
電機系,單四舍,102
單四舍,電機系,102
電機系,漢堡王,84
漢堡王,電機系,84
電機系,全家便利商店(中大店),81
全家便利商店(中大店),電機系,81
電機系,麥味登,71
麥味登,電機系,71
電機系,松院餐廳,76
松院餐廳,電機系,76
電機系,路易莎咖啡,76
路易莎咖啡,電機系,76
人文社會科學大樓,行政大樓,97
行政大樓,人文社會科學大樓,97
人文社會科學大樓,男九舍,113
男九舍,人文社會科學大樓,113
人文社會科學大樓,香米便當,82
香米便當,人文社會科學大樓,82
科五館(S5),理學院教學館(普化實驗大樓),30
理學院教學館(普化實驗大樓),科五館(S5),30
科五館(S5),科三館,73
科三館,科五館(S5),73
理學院教學館(普化實驗大樓),科三館,65
科三館,理學院教學館(普化實驗大樓),65
教學研究綜合大樓,大禮堂,54
大禮堂,教學研究綜合大樓,54
男三舍,女一舍,109
女一舍,男三舍,109
男三舍,女三舍,103
女三舍,男三舍,103
男三舍,女十四舍,83
女十四舍,男三舍,83
男三舍,國際學生宿舍,104
國際學生宿舍,男三舍,104
男三舍,志道樓,39
志道樓,男三舍,39
男三舍,OK超商,35
OK超商,男三舍,35
男三舍,饕客滷味,42
饕客滷味,男三舍,42
男三舍,Ale,90
Ale,男三舍,90
男三舍,韓林,98
韓林,男三舍,98
男三舍,香城燒臘,69
香城燒臘,男三舍,69
男三舍,內卡小館,121
內卡小館,男三舍,121
男三舍,燒餅窯,119
燒餅窯,男三舍,119
男三舍,瑞麟美而美,96
瑞麟美而美,男三舍,96
男三舍,小豬滷味,79
小豬滷味,男三舍,79
男三舍,微笑轉角,76
微笑轉角,男三舍,76
男三舍,霸王,69
霸王,男三舍,69
男三舍,咖哩老師,62
咖哩老師,男三舍,62
男三舍,山頂洞人,57
山頂洞人,男三舍,57
男三舍,小惡魔,50
小惡魔,男三舍,50
男三舍,粥王,42
粥王,男三舍,42
男三舍,銀河炒飯,42
銀河炒飯,男三舍,42
男三舍,一品鍋,30
一品鍋,男三舍,30
男三舍,無敵蛋餅,22
無敵蛋餅,男三舍,22
男三舍,包子饅頭,23
包子饅頭,男三舍,23
男三舍,花茶大師,25
花茶大師,男三舍,25
男三舍,鬼島漢堡,61
鬼島漢堡,男三舍,61
男三舍,雞排車,66
雞排車,男三舍,66
男三舍,一億園,57
一億園,男三舍,57
男三舍,夏克奶茶,54
夏克奶茶,男三舍,54
男三舍,東東生鮮手工大水餃,47
東東生鮮手工大水餃,男三舍,47
男三舍,美味王,44
美味王,男三舍,44
男三舍,滿食記燒肉丼飯,31
滿食記燒肉丼飯,男三舍,31
男三舍,Enf-健康輕食餐,34
Enf-健康輕食餐,男三舍,34
男三舍,饌食園,38
饌食園,男三舍,38
男三舍,香恬園,33
香恬園,男三舍,33
男三舍,宵夜屋自助餐,33
宵夜屋自助餐,男三舍,33
男三舍,來來炒飯,33
來來炒飯,男三舍,33
男三舍,喬慧素食,34
喬慧素食,男三舍,34
男三舍,來客,68
來客,男三舍,68
男三舍,真功夫蔥抓餅,66
真功夫蔥抓餅,男三舍,66
男三舍,傻師傅湯包,85
傻師傅湯包,男三舍,85
男三舍,早安美芝城中壢活力中央,108
早安美芝城中壢活力中央,男三舍,108
男三舍,雞師父醬汁照燒雞排,81
雞師父醬汁照燒雞排,男三舍,81
男三舍,燈丫腳湯包車,81
燈丫腳湯包車,男三舍,81
男三舍,Ticket Toast 提齊熱壓吐司,79
Ticket Toast 提齊熱壓吐司,男三舍,79
男三舍,Main蛋,33
Main蛋,男三舍,33
男五舍,男六舍,50
男六舍,男五舍,50
男五舍,男七舍,52
男七舍,男五舍,52
男五舍,男十一舍,45
男十一舍,男五舍,45
男五舍,男13舍,110
男13舍,男五舍,110
男五舍,女十四舍,88
女十四舍,男五舍,88
男五舍,國際學生宿舍,63
國際學生宿舍,男五舍,63
男五舍,據德樓,85
據德樓,男五舍,85
男五舍,志道樓,121
志道樓,男五舍,121
男五舍,7餐(松果餐廳),49
7餐(松果餐廳),男五舍,49
男六舍,男七舍,37
男七舍,男六舍,37
男六舍,男十一舍,72
男十一舍,男六舍,72
男六舍,男13舍,83
男13舍,男六舍,83
男六舍,女十四舍,122
女十四舍,男六舍,122
男六舍,國際學生宿舍,112
國際學生宿舍,男六舍,112
男六舍,據德樓,81
據德樓,男六舍,81
男六舍,7餐(松果餐廳),37
7餐(松果餐廳),男六舍,37
男七舍,男十一舍,44
男十一舍,男七舍,44
男七舍,男13舍,121
男13舍,男七舍,121
男七舍,女十四舍,92
女十四舍,男七舍,92
男七舍,國際學生宿舍,100
國際學生宿舍,男七舍,100
男七舍,據德樓,114
據德樓,男七舍,114
男七舍,7餐(松果餐廳),10
7餐(松果餐廳),男七舍,10
男九舍,男十二舍,97
男十二舍,男九舍,97
男九舍,中大會館,65
中大會館,男九舍,65
男九舍,曦望居,121
曦望居,男九舍,121
男九舍,九餐,25
九餐,男九舍,25
男九舍,香米便當,31
香米便當,男九舍,31
男十一舍,女十四舍,50
女十四舍,男十一舍,50
男十一舍,國際學生宿舍,60
國際學生宿舍,男十一舍,60
男十一舍,志道樓,91
志道樓,男十一舍,91
男十一舍,OK超商,113
OK超商,男十一舍,113
男十一舍,饕客滷味,124
饕客滷味,男十一舍,124
男十一舍,咖哩老師,124
咖哩老師,男十一舍,124
男十一舍,山頂洞人,122
山頂洞人,男十一舍,122
男十一舍,小惡魔,118
小惡魔,男十一舍,118
男十一舍,粥王,115
粥王,男十一舍,115
男十一舍,銀河炒飯,114
銀河炒飯,男十一舍,114
男十一舍,一品鍋,106
一品鍋,男十一舍,106
男十一舍,無敵蛋餅,118
無敵蛋餅,男十一舍,118
男十一舍,包子饅頭,118
包子饅頭,男十一舍,118
男十一舍,花茶大師,119
花茶大師,男十一舍,119
男十一舍,美味王,114
美味王,男十一舍,114
男十一舍,滿食記燒肉丼飯,120
滿食記燒肉丼飯,男十一舍,120
男十一舍,Enf-健康輕食餐,121
Enf-健康輕食餐,男十一舍,121
男十一舍,饌食園,122
饌食園,男十一舍,122
男十一舍,香恬園,108
香恬園,男十一舍,108
男十一舍,宵夜屋自助餐,109
宵夜屋自助餐,男十一舍,109
男十一舍,來來炒飯,110
來來炒飯,男十一舍,110
男十一舍,喬慧素食,109
喬慧素食,男十一舍,109
男十一舍,7餐(松果餐廳),41
7餐(松果餐廳),男十一舍,41
男十一舍,Main蛋,107
Main蛋,男十一舍,107
男十二舍,中大會館,43
中大會館,男十二舍,43
男十二舍,曦望居,57
曦望居,男十二舍,57
男十二舍,九餐,94
九餐,男十二舍,94
男十二舍,香米便當,114
香米便當,男十二舍,114
男13舍,據德樓,46
據德樓,男13舍,46
男13舍,7餐(松果餐廳),121
7餐(松果餐廳),男13舍,121
女一舍,女二舍,52
女二舍,女一舍,52
女一舍,女三舍,11
女三舍,女一舍,11
女一舍,女四舍,56
女四舍,女一舍,56
女一舍,單一舍,124
單一舍,女一舍,124
女二舍,女三舍,52
女三舍,女二舍,52
女二舍,女四舍,19
女四舍,女二舍,19
女二舍,單一舍,74
單一舍,女二舍,74
女二舍,單二舍,86
單二舍,女二舍,86
女二舍,單四舍,109
單四舍,女二舍,109
女二舍,漢堡王,108
漢堡王,女二舍,108
女二舍,全家便利商店(中大店),113
全家便利商店(中大店),女二舍,113
女二舍,7-Eleven(中大店),100
7-Eleven(中大店),女二舍,100
女二舍,麥味登,103
麥味登,女二舍,103
女二舍,拉亞漢堡,115
拉亞漢堡,女二舍,115
女二舍,秈春坊,107
秈春坊,女二舍,107
女二舍,福泉豆花,124
福泉豆花,女二舍,124
女二舍,松院餐廳,112
松院餐廳,女二舍,112
女二舍,路易莎咖啡,106
路易莎咖啡,女二舍,106
女三舍,女四舍,52
女四舍,女三舍,52
女三舍,單一舍,121
單一舍,女三舍,121
女四舍,單一舍,68
單一舍,女四舍,68
女四舍,單二舍,91
單二舍,女四舍,91
女四舍,單四舍,116
單四舍,女四舍,116
女四舍,漢堡王,118
漢堡王,女四舍,118
女四舍,全家便利商店(中大店),124
全家便利商店(中大店),女四舍,124
女四舍,7-Eleven(中大店),85
7-Eleven(中大店),女四舍,85
女四舍,麥味登,114
麥味登,女四舍,114
女四舍,拉亞漢堡,99
拉亞漢堡,女四舍,99
女四舍,清心福全冷飲站,122
清心福全冷飲站,女四舍,122
女四舍,秈春坊,91
秈春坊,女四舍,91
女四舍,福泉豆花,108
福泉豆花,女四舍,108
女四舍,松院餐廳,124
松院餐廳,女四舍,124
女四舍,我家便利商店,121
我家便利商店,女四舍,121
女四舍,路易莎咖啡,117
路易莎咖啡,女四舍,117
女十四舍,國際學生宿舍,60
國際學生宿舍,女十四舍,60
女十四舍,志道樓,45
志道樓,女十四舍,45
女十四舍,OK超商,62
OK超商,女十四舍,62
女十四舍,饕客滷味,74
饕客滷味,女十四舍,74
女十四舍,Ale,118
Ale,女十四舍,118
女十四舍,香城燒臘,90
香城燒臘,女十四舍,90
女十四舍,瑞麟美而美,116
瑞麟美而美,女十四舍,116
女十四舍,小豬滷味,94
小豬滷味,女十四舍,94
女十四舍,微笑轉角,87
微笑轉角,女十四舍,87
女十四舍,霸王,82
霸王,女十四舍,82
女十四舍,咖哩老師,76
咖哩老師,女十四舍,76
女十四舍,山頂洞人,73
山頂洞人,女十四舍,73
女十四舍,小惡魔,69
小惡魔,女十四舍,69
女十四舍,粥王,65
粥王,女十四舍,65
女十四舍,銀河炒飯,63
銀河炒飯,女十四舍,63
女十四舍,一品鍋,56
一品鍋,女十四舍,56
女十四舍,無敵蛋餅,68
無敵蛋餅,女十四舍,68
女十四舍,包子饅頭,68
包子饅頭,女十四舍,68
女十四舍,花茶大師,69
花茶大師,女十四舍,69
女十四舍,鬼島漢堡,82
鬼島漢堡,女十四舍,82
女十四舍,雞排車,85
雞排車,女十四舍,85
女十四舍,一億園,81
一億園,女十四舍,81
女十四舍,夏克奶茶,79
夏克奶茶,女十四舍,79
女十四舍,東東生鮮手工大水餃,76
東東生鮮手工大水餃,女十四舍,76
女十四舍,美味王,64
美味王,女十四舍,64
女十四舍,滿食記燒肉丼飯,70
滿食記燒肉丼飯,女十四舍,70
女十四舍,Enf-健康輕食餐,71
Enf-健康輕食餐,女十四舍,71
女十四舍,饌食園,72
饌食園,女十四舍,72
女十四舍,香恬園,58
香恬園,女十四舍,58
女十四舍,宵夜屋自助餐,58
宵夜屋自助餐,女十四舍,58
女十四舍,來來炒飯,59
來來炒飯,女十四舍,59
女十四舍,喬慧素食,59
喬慧素食,女十四舍,59
女十四舍,來客,106
來客,女十四舍,106
女十四舍,真功夫蔥抓餅,107
真功夫蔥抓餅,女十四舍,107
女十四舍,傻師傅湯包,112
傻師傅湯包,女十四舍,112
女十四舍,7餐(松果餐廳),90
7餐(松果餐廳),女十四舍,90
女十四舍,雞師父醬汁照燒雞排,101
雞師父醬汁照燒雞排,女十四舍,101
女十四舍,燈丫腳湯包車,107
燈丫腳湯包車,女十四舍,107
女十四舍,Ticket Toast 提齊熱壓吐司,96
Ticket Toast 提齊熱壓吐司,女十四舍,96
女十四舍,Main蛋,56
Main蛋,女十四舍,56
單一舍,單二舍,45
單二舍,單一舍,45
單一舍,單四舍,70
單四舍,單一舍,70
單一舍,漢堡王,83
漢堡王,單一舍,83
單一舍,全家便利商店(中大店),91
全家便利商店(中大店),單一舍,91
單一舍,7-Eleven(中大店),50
7-Eleven(中大店),單一舍,50
單一舍,麥味登,87
麥味登,單一舍,87
單一舍,津知園排骨,116
津知園排骨,單一舍,116
單一舍,廚窗食坊,122
廚窗食坊,單一舍,122
單一舍,隨緣餐廳,106
隨緣餐廳,單一舍,106
單一舍,麥堡堡早點,102
麥堡堡早點,單一舍,102
單一舍,拉亞漢堡,65
拉亞漢堡,單一舍,65
單一舍,清心福全冷飲站,89
清心福全冷飲站,單一舍,89
單一舍,秈春坊,57
秈春坊,單一舍,57
單一舍,福泉豆花,74
福泉豆花,單一舍,74
單一舍,27秀梅,94
27秀梅,單一舍,94
單一舍,秘密基地,124
秘密基地,單一舍,124
單一舍,米豆Mido,112
米豆Mido,單一舍,112
單一舍,哈堡堡,120
哈堡堡,單一舍,120
單一舍,幸福小館,106
幸福小館,單一舍,106
單一舍,松院餐廳,93
松院餐廳,單一舍,93
單一舍,中壢正新明牛肉麵,100
中壢正新明牛肉麵,單一舍,100
單一舍,我家便利商店,95
我家便利商店,單一舍,95
單一舍,健康美食館,120
健康美食館,單一舍,120
單一舍,路易莎咖啡,88
路易莎咖啡,單一舍,88
單二舍,單四舍,26
單四舍,單二舍,26
單二舍,漢堡王,38
漢堡王,單二舍,38
單二舍,全家便利商店(中大店),46
全家便利商店(中大店),單二舍,46
單二舍,7-Eleven(中大店),95
7-Eleven(中大店),單二舍,95
單二舍,麥味登,43
麥味登,單二舍,43
單二舍,拉亞漢堡,108
拉亞漢堡,單二舍,108
單二舍,秈春坊,101
秈春坊,單二舍,101
單二舍,福泉豆花,117
福泉豆花,單二舍,117
單二舍,松院餐廳,49
松院餐廳,單二舍,49
單二舍,路易莎咖啡,43
路易莎咖啡,單二舍,43
單四舍,漢堡王,19
漢堡王,單四舍,19
單四舍,全家便利商店(中大店),26
全家便利商店(中大店),單四舍,26
單四舍,7-Eleven(中大店),118
7-Eleven(中大店),單四舍,118
單四舍,麥味登,31
麥味登,單四舍,31
單四舍,松院餐廳,30
松院餐廳,單四舍,30
單四舍,路易莎咖啡,27
路易莎咖啡,單四舍,27
國際學生宿舍,志道樓,69
志道樓,國際學生宿舍,69
國際學生宿舍,OK超商,102
OK超商,國際學生宿舍,102
國際學生宿舍,饕客滷味,117
饕客滷味,國際學生宿舍,117
國際學生宿舍,山頂洞人,122
山頂洞人,國際學生宿舍,122
國際學生宿舍,小惡魔,115
小惡魔,國際學生宿舍,115
國際學生宿舍,粥王,109
粥王,國際學生宿舍,109
國際學生宿舍,銀河炒飯,107
銀河炒飯,國際學生宿舍,107
國際學生宿舍,一品鍋,90
一品鍋,國際學生宿舍,90
國際學生宿舍,無敵蛋餅,101
無敵蛋餅,國際學生宿舍,101
國際學生宿舍,包子饅頭,102
包子饅頭,國際學生宿舍,102
國際學生宿舍,花茶大師,104
花茶大師,國際學生宿舍,104
國際學生宿舍,東東生鮮手工大水餃,121
東東生鮮手工大水餃,國際學生宿舍,121
國際學生宿舍,美味王,109
美味王,國際學生宿舍,109
國際學生宿舍,滿食記燒肉丼飯,108
滿食記燒肉丼飯,國際學生宿舍,108
國際學生宿舍,Enf-健康輕食餐,110
Enf-健康輕食餐,國際學生宿舍,110
國際學生宿舍,饌食園,113
饌食園,國際學生宿舍,113
國際學生宿舍,香恬園,95
香恬園,國際學生宿舍,95
國際學生宿舍,宵夜屋自助餐,97
宵夜屋自助餐,國際學生宿舍,97
國際學生宿舍,來來炒飯,98
來來炒飯,國際學生宿舍,98
國際學生宿舍,喬慧素食,98
喬慧素食,國際學生宿舍,98
國際學生宿舍,7餐(松果餐廳),96
7餐(松果餐廳),國際學生宿舍,96
國際學生宿舍,Main蛋,93
Main蛋,國際學生宿舍,93
中大會館,曦望居,57
曦望居,中大會館,57
中大會館,九餐,72
九餐,中大會館,72
中大會館,香米便當,73
香米便當,中大會館,73
據德樓,7餐(松果餐廳),113
7餐(松果餐廳),據德樓,113
志道樓,OK超商,33
OK超商,志道樓,33
志道樓,饕客滷味,48
饕客滷味,志道樓,48
志道樓,Ale,101
Ale,志道樓,101
志道樓,韓林,110
韓林,志道樓,110
志道樓,香城燒臘,74
香城燒臘,志道樓,74
志道樓,瑞麟美而美,104
瑞麟美而美,志道樓,104
志道樓,小豬滷味,82
小豬滷味,志道樓,82
志道樓,微笑轉角,77
微笑轉角,志道樓,77
志道樓,霸王,70
霸王,志道樓,70
志道樓,咖哩老師,62
咖哩老師,志道樓,62
志道樓,山頂洞人,57
山頂洞人,志道樓,57
志道樓,小惡魔,49
小惡魔,志道樓,49
志道樓,粥王,41
粥王,志道樓,41
志道樓,銀河炒飯,39
銀河炒飯,志道樓,39
志道樓,一品鍋,20
一品鍋,志道樓,20
志道樓,無敵蛋餅,31
無敵蛋餅,志道樓,31
志道樓,包子饅頭,32
包子饅頭,志道樓,32
志道樓,花茶大師,34
花茶大師,志道樓,34
志道樓,鬼島漢堡,65
鬼島漢堡,志道樓,65
志道樓,雞排車,69
雞排車,志道樓,69
志道樓,一億園,62
一億園,志道樓,62
志道樓,夏克奶茶,59
夏克奶茶,志道樓,59
志道樓,東東生鮮手工大水餃,53
東東生鮮手工大水餃,志道樓,53
志道樓,美味王,41
美味王,志道樓,41
志道樓,滿食記燒肉丼飯,38
滿食記燒肉丼飯,志道樓,38
志道樓,Enf-健康輕食餐,41
Enf-健康輕食餐,志道樓,41
志道樓,饌食園,44
饌食園,志道樓,44
志道樓,香恬園,26
香恬園,志道樓,26
志道樓,宵夜屋自助餐,27
宵夜屋自助餐,志道樓,27
志道樓,來來炒飯,29
來來炒飯,志道樓,29
志道樓,喬慧素食,29
喬慧素食,志道樓,29
志道樓,來客,83
來客,志道樓,83
志道樓,真功夫蔥抓餅,83
真功夫蔥抓餅,志道樓,83
志道樓,傻師傅湯包,96
傻師傅湯包,志道樓,96
志道樓,早安美芝城中壢活力中央,120
早安美芝城中壢活力中央,志道樓,120
志道樓,雞師父醬汁照燒雞排,88
雞師父醬汁照燒雞排,志道樓,88
志道樓,燈丫腳湯包車,91
燈丫腳湯包車,志道樓,91
志道樓,Ticket Toast 提齊熱壓吐司,84
Ticket Toast 提齊熱壓吐司,志道樓,84
志道樓,Main蛋,24
Main蛋,志道樓,24
曦望居,小木屋鬆餅,118
小木屋鬆餅,曦望居,118
曦望居,香米便當,124
香米便當,曦望居,124
漢堡王,全家便利商店(中大店),10
全家便利商店(中大店),漢堡王,10
漢堡王,麥味登,12
麥味登,漢堡王,12
漢堡王,松院餐廳,11
松院餐廳,漢堡王,11
漢堡王,路易莎咖啡,10
路易莎咖啡,漢堡王,10
全家便利商店(中大店),麥味登,12
麥味登,全家便利商店(中大店),12
全家便利商店(中大店),松院餐廳,10
松院餐廳,全家便利商店(中大店),10
全家便利商店(中大店),路易莎咖啡,10
路易莎咖啡,全家便利商店(中大店),10
7-Eleven(中大店),田園美食屋,114
田園美食屋,7-Eleven(中大店),114
7-Eleven(中大店),胡思咖啡,96
胡思咖啡,7-Eleven(中大店),96
7-Eleven(中大店),迷路義麵屋,87
迷路義麵屋,7-Eleven(中大店),87
7-Eleven(中大店),阿米玲食堂,100
阿米玲食堂,7-Eleven(中大店),100
7-Eleven(中大店),樂活堡,113
樂活堡,7-Eleven(中大店),113
7-Eleven(中大店),八方雲集,79
八方雲集,7-Eleven(中大店),79
7-Eleven(中大店),津知園排骨,68
津知園排骨,7-Eleven(中大店),68
7-Eleven(中大店),廚窗食坊,74
廚窗食坊,7-Eleven(中大店),74
7-Eleven(中大店),隨緣餐廳,55
隨緣餐廳,7-Eleven(中大店),55
7-Eleven(中大店),麥堡堡早點,54
麥堡堡早點,7-Eleven(中大店),54
7-Eleven(中大店),拉亞漢堡,15
拉亞漢堡,7-Eleven(中大店),15
7-Eleven(中大店),清心福全冷飲站,40
清心福全冷飲站,7-Eleven(中大店),40
7-Eleven(中大店),秈春坊,10
秈春坊,7-Eleven(中大店),10
7-Eleven(中大店),福泉豆花,25
福泉豆花,7-Eleven(中大店),25
7-Eleven(中大店),27秀梅,45
27秀梅,7-Eleven(中大店),45
7-Eleven(中大店),CASA BRASIL NCU,107
CASA BRASIL NCU,7-Eleven(中大店),107
7-Eleven(中大店),秘密基地,74
秘密基地,7-Eleven(中大店),74
7-Eleven(中大店),米豆Mido,64
米豆Mido,7-Eleven(中大店),64
7-Eleven(中大店),哈堡堡,70
哈堡堡,7-Eleven(中大店),70
7-Eleven(中大店),熟檸檬食肆,104
熟檸檬食肆,7-Eleven(中大店),104
7-Eleven(中大店),滷味居,108
滷味居,7-Eleven(中大店),108
7-Eleven(中大店),歐姆萊斯,119
歐姆萊斯,7-Eleven(中大店),119
7-Eleven(中大店),漢林大漢堡,101
漢林大漢堡,7-Eleven(中大店),101
7-Eleven(中大店),米樂義大利,108
米樂義大利,7-Eleven(中大店),108
7-Eleven(中大店),九品,113
九品,7-Eleven(中大店),113
7-Eleven(中大店),麥克小姐,122
麥克小姐,7-Eleven(中大店),122
7-Eleven(中大店),美式早餐屋,124
美式早餐屋,7-Eleven(中大店),124
7-Eleven(中大店),幸福小館,58
幸福小館,7-Eleven(中大店),58
7-Eleven(中大店),中壢正新明牛肉麵,50
中壢正新明牛肉麵,7-Eleven(中大店),50
7-Eleven(中大店),我家便利商店,45
我家便利商店,7-Eleven(中大店),45
7-Eleven(中大店),大中央厚切牛排,82
大中央厚切牛排,7-Eleven(中大店),82
7-Eleven(中大店),竹香自助餐,107
竹香自助餐,7-Eleven(中大店),107
7-Eleven(中大店),健康美食館,70
健康美食館,7-Eleven(中大店),70
OK超商,饕客滷味,14
饕客滷味,OK超商,14
OK超商,Ale,68
Ale,OK超商,68
OK超商,韓林,77
韓林,OK超商,77
OK超商,香城燒臘,41
香城燒臘,OK超商,41
OK超商,雙寶爸涼麵,109
雙寶爸涼麵,OK超商,109
OK超商,夠義式,111
夠義式,OK超商,111
OK超商,幸福廚房,114
幸福廚房,OK超商,114
OK超商,小紅牛,122
小紅牛,OK超商,122
OK超商,火靠窯Pizza,117
火靠窯Pizza,OK超商,117
OK超商,太祖魷魚羹,113
太祖魷魚羹,OK超商,113
OK超商,香煎小舖,117
香煎小舖,OK超商,117
OK超商,內卡小館,102
內卡小館,OK超商,102
OK超商,燒餅窯,98
燒餅窯,OK超商,98
OK超商,瑞麟美而美,71
瑞麟美而美,OK超商,71
OK超商,小豬滷味,50
小豬滷味,OK超商,50
OK超商,微笑轉角,45
微笑轉角,OK超商,45
OK超商,霸王,38
霸王,OK超商,38
OK超商,咖哩老師,30
咖哩老師,OK超商,30
OK超商,山頂洞人,25
山頂洞人,OK超商,25
OK超商,小惡魔,17
小惡魔,OK超商,17
OK超商,粥王,10
粥王,OK超商,10
OK超商,銀河炒飯,10
銀河炒飯,OK超商,10
OK超商,一品鍋,13
一品鍋,OK超商,13
OK超商,無敵蛋餅,12
無敵蛋餅,OK超商,12
OK超商,包子饅頭,12
包子饅頭,OK超商,12
OK超商,花茶大師,10
花茶大師,OK超商,10
OK超商,鬼島漢堡,32
鬼島漢堡,OK超商,32
OK超商,雞排車,37
雞排車,OK超商,37
OK超商,一億園,29
一億園,OK超商,29
OK超商,夏克奶茶,25
夏克奶茶,OK超商,25
OK超商,東東生鮮手工大水餃,19
東東生鮮手工大水餃,OK超商,19
OK超商,美味王,10
美味王,OK超商,10
OK超商,滿食記燒肉丼飯,10
滿食記燒肉丼飯,OK超商,10
OK超商,Enf-健康輕食餐,10
Enf-健康輕食餐,OK超商,10
OK超商,饌食園,10
饌食園,OK超商,10
OK超商,香恬園,10
香恬園,OK超商,10
OK超商,宵夜屋自助餐,10
宵夜屋自助餐,OK超商,10
OK超商,來來炒飯,10
來來炒飯,OK超商,10
OK超商,喬慧素食,10
喬慧素食,OK超商,10
OK超商,來客,50
來客,OK超商,50
OK超商,真功夫蔥抓餅,50
真功夫蔥抓餅,OK超商,50
OK超商,傻師傅湯包,62
傻師傅湯包,OK超商,62
OK超商,早安美芝城中壢活力中央,86
早安美芝城中壢活力中央,OK超商,86
OK超商,京城韓式湯飯,107
京城韓式湯飯,OK超商,107
OK超商,雞師父醬汁照燒雞排,55
雞師父醬汁照燒雞排,OK超商,55
OK超商,燈丫腳湯包車,57
燈丫腳湯包車,OK超商,57
OK超商,Ticket Toast 提齊熱壓吐司,51
Ticket Toast 提齊熱壓吐司,OK超商,51
OK超商,Main蛋,10
Main蛋,OK超商,10
饕客滷味,人行道健康蔬食,122
人行道健康蔬食,饕客滷味,122
饕客滷味,Ale,53
Ale,饕客滷味,53
饕客滷味,韓林,62
韓林,饕客滷味,62
饕客滷味,香城燒臘,28
香城燒臘,饕客滷味,28
饕客滷味,雙寶爸涼麵,94
雙寶爸涼麵,饕客滷味,94
饕客滷味,夠義式,96
夠義式,饕客滷味,96
饕客滷味,幸福廚房,99
幸福廚房,饕客滷味,99
饕客滷味,小紅牛,108
小紅牛,饕客滷味,108
饕客滷味,火靠窯Pizza,102
火靠窯Pizza,饕客滷味,102
饕客滷味,太祖魷魚羹,99
太祖魷魚羹,饕客滷味,99
饕客滷味,香煎小舖,102
香煎小舖,饕客滷味,102
饕客滷味,內卡小館,87
內卡小館,饕客滷味,87
饕客滷味,燒餅窯,84
燒餅窯,饕客滷味,84
饕客滷味,瑞麟美而美,57
瑞麟美而美,饕客滷味,57
饕客滷味,小豬滷味,38
小豬滷味,饕客滷味,38
饕客滷味,微笑轉角,34
微笑轉角,饕客滷味,34
饕客滷味,霸王,27
霸王,饕客滷味,27
饕客滷味,咖哩老師,19
咖哩老師,饕客滷味,19
饕客滷味,山頂洞人,15
山頂洞人,饕客滷味,15
饕客滷味,小惡魔,10
小惡魔,饕客滷味,10
饕客滷味,粥王,10
粥王,饕客滷味,10
饕客滷味,銀河炒飯,10
銀河炒飯,饕客滷味,10
饕客滷味,一品鍋,27
一品鍋,饕客滷味,27
饕客滷味,無敵蛋餅,22
無敵蛋餅,饕客滷味,22
饕客滷味,包子饅頭,21
包子饅頭,饕客滷味,21
饕客滷味,花茶大師,18
花茶大師,饕客滷味,18
饕客滷味,鬼島漢堡,20
鬼島漢堡,饕客滷味,20
饕客滷味,雞排車,24
雞排車,饕客滷味,24
饕客滷味,一億園,16
一億園,饕客滷味,16
饕客滷味,夏克奶茶,12
夏克奶茶,饕客滷味,12
饕客滷味,東東生鮮手工大水餃,10
東東生鮮手工大水餃,饕客滷味,10
饕客滷味,美味王,10
美味王,饕客滷味,10
饕客滷味,滿食記燒肉丼飯,11
滿食記燒肉丼飯,饕客滷味,11
饕客滷味,Enf-健康輕食餐,10
Enf-健康輕食餐,饕客滷味,10
饕客滷味,饌食園,10
饌食園,饕客滷味,10
饕客滷味,香恬園,22
香恬園,饕客滷味,22
饕客滷味,宵夜屋自助餐,20
宵夜屋自助餐,饕客滷味,20
饕客滷味,來來炒飯,19
來來炒飯,饕客滷味,19
饕客滷味,喬慧素食,19
喬慧素食,饕客滷味,19
饕客滷味,來客,35
來客,饕客滷味,35
饕客滷味,真功夫蔥抓餅,35
真功夫蔥抓餅,饕客滷味,35
饕客滷味,傻師傅湯包,48
傻師傅湯包,饕客滷味,48
饕客滷味,早安美芝城中壢活力中央,72
早安美芝城中壢活力中央,饕客滷味,72
饕客滷味,京城韓式湯飯,92
京城韓式湯飯,饕客滷味,92
饕客滷味,雞師父醬汁照燒雞排,41
雞師父醬汁照燒雞排,饕客滷味,41
饕客滷味,燈丫腳湯包車,43
燈丫腳湯包車,饕客滷味,43
饕客滷味,Ticket Toast 提齊熱壓吐司,38
Ticket Toast 提齊熱壓吐司,饕客滷味,38
饕客滷味,Main蛋,23
Main蛋,饕客滷味,23
人行道健康蔬食,田園美食屋,61
田園美食屋,人行道健康蔬食,61
人行道健康蔬食,Ale,82
Ale,人行道健康蔬食,82
人行道健康蔬食,韓林,76
韓林,人行道健康蔬食,76
人行道健康蔬食,胡思咖啡,96
胡思咖啡,人行道健康蔬食,96
人行道健康蔬食,香城燒臘,106
香城燒臘,人行道健康蔬食,106
人行道健康蔬食,雙寶爸涼麵,58
雙寶爸涼麵,人行道健康蔬食,58
人行道健康蔬食,夠義式,67
夠義式,人行道健康蔬食,67
人行道健康蔬食,幸福廚房,66
幸福廚房,人行道健康蔬食,66
人行道健康蔬食,小紅牛,52
小紅牛,人行道健康蔬食,52
人行道健康蔬食,火靠窯Pizza,53
火靠窯Pizza,人行道健康蔬食,53
人行道健康蔬食,太祖魷魚羹,57
太祖魷魚羹,人行道健康蔬食,57
人行道健康蔬食,香煎小舖,65
香煎小舖,人行道健康蔬食,65
人行道健康蔬食,內卡小館,61
內卡小館,人行道健康蔬食,61
人行道健康蔬食,燒餅窯,68
燒餅窯,人行道健康蔬食,68
人行道健康蔬食,瑞麟美而美,88
瑞麟美而美,人行道健康蔬食,88
人行道健康蔬食,小豬滷味,106
小豬滷味,人行道健康蔬食,106
人行道健康蔬食,微笑轉角,112
微笑轉角,人行道健康蔬食,112
人行道健康蔬食,霸王,115
霸王,人行道健康蔬食,115
人行道健康蔬食,咖哩老師,119
咖哩老師,人行道健康蔬食,119
人行道健康蔬食,山頂洞人,121
山頂洞人,人行道健康蔬食,121
人行道健康蔬食,鬼島漢堡,113
鬼島漢堡,人行道健康蔬食,113
人行道健康蔬食,雞排車,111
雞排車,人行道健康蔬食,111
人行道健康蔬食,一億園,113
一億園,人行道健康蔬食,113
人行道健康蔬食,夏克奶茶,115
夏克奶茶,人行道健康蔬食,115
人行道健康蔬食,東東生鮮手工大水餃,119
東東生鮮手工大水餃,人行道健康蔬食,119
人行道健康蔬食,熱浪島南洋蔬食茶堂,79
熱浪島南洋蔬食茶堂,人行道健康蔬食,79
人行道健康蔬食,隨緣餐廳,124
隨緣餐廳,人行道健康蔬食,124
人行道健康蔬食,來客,88
來客,人行道健康蔬食,88
人行道健康蔬食,真功夫蔥抓餅,87
真功夫蔥抓餅,人行道健康蔬食,87
人行道健康蔬食,傻師傅湯包,86
傻師傅湯包,人行道健康蔬食,86
人行道健康蔬食,早安美芝城中壢活力中央,75
早安美芝城中壢活力中央,人行道健康蔬食,75
人行道健康蔬食,京城韓式湯飯,68
京城韓式湯飯,人行道健康蔬食,68
人行道健康蔬食,吉米熊新點子早午餐,23
吉米熊新點子早午餐,人行道健康蔬食,23
人行道健康蔬食,鴻樂,44
鴻樂,人行道健康蔬食,44
人行道健康蔬食,CASA BRASIL NCU,108
CASA BRASIL NCU,人行道健康蔬食,108
人行道健康蔬食,哈堡堡,111
哈堡堡,人行道健康蔬食,111
人行道健康蔬食,雞師父醬汁照燒雞排,98
雞師父醬汁照燒雞排,人行道健康蔬食,98
人行道健康蔬食,燈丫腳湯包車,91
燈丫腳湯包車,人行道健康蔬食,91
人行道健康蔬食,Ticket Toast 提齊熱壓吐司,103
Ticket Toast 提齊熱壓吐司,人行道健康蔬食,103
人行道健康蔬食,竹香自助餐,95
竹香自助餐,人行道健康蔬食,95
田園美食屋,胡思咖啡,35
胡思咖啡,田園美食屋,35
田園美食屋,雙寶爸涼麵,120
雙寶爸涼麵,田園美食屋,120
田園美食屋,迷路義麵屋,84
迷路義麵屋,田園美食屋,84
田園美食屋,小紅牛,112
小紅牛,田園美食屋,112
田園美食屋,火靠窯Pizza,114
火靠窯Pizza,田園美食屋,114
田園美食屋,太祖魷魚羹,118
太祖魷魚羹,田園美食屋,118
田園美食屋,內卡小館,123
內卡小館,田園美食屋,123
田園美食屋,熱浪島南洋蔬食茶堂,61
熱浪島南洋蔬食茶堂,田園美食屋,61
田園美食屋,阿米玲食堂,67
阿米玲食堂,田園美食屋,67
田園美食屋,樂活堡,75
樂活堡,田園美食屋,75
田園美食屋,八方雲集,65
八方雲集,田園美食屋,65
田園美食屋,津知園排骨,82
津知園排骨,田園美食屋,82
田園美食屋,廚窗食坊,82
廚窗食坊,田園美食屋,82
田園美食屋,隨緣餐廳,69
隨緣餐廳,田園美食屋,69
田園美食屋,麥堡堡早點,85
麥堡堡早點,田園美食屋,85
田園美食屋,拉亞漢堡,104
拉亞漢堡,田園美食屋,104
田園美食屋,清心福全冷飲站,89
清心福全冷飲站,田園美食屋,89
田園美食屋,秈春坊,109
秈春坊,田園美食屋,109
田園美食屋,福泉豆花,98
福泉豆花,田園美食屋,98
田園美食屋,27秀梅,87
27秀梅,田園美食屋,87
田園美食屋,吉米熊新點子早午餐,38
吉米熊新點子早午餐,田園美食屋,38
田園美食屋,鴻樂,17
鴻樂,田園美食屋,17
田園美食屋,CASA BRASIL NCU,48
CASA BRASIL NCU,田園美食屋,48
田園美食屋,秘密基地,65
秘密基地,田園美食屋,65
田園美食屋,米豆Mido,82
米豆Mido,田園美食屋,82
田園美食屋,哈堡堡,54
哈堡堡,田園美食屋,54
田園美食屋,熟檸檬食肆,69
熟檸檬食肆,田園美食屋,69
田園美食屋,滷味居,71
滷味居,田園美食屋,71
田園美食屋,歐姆萊斯,77
歐姆萊斯,田園美食屋,77
田園美食屋,達啵廚房,84
達啵廚房,田園美食屋,84
田園美食屋,漢林大漢堡,88
漢林大漢堡,田園美食屋,88
田園美食屋,米樂義大利,91
米樂義大利,田園美食屋,91
田園美食屋,九品,91
九品,田園美食屋,91
田園美食屋,麥克小姐,97
麥克小姐,田園美食屋,97
田園美食屋,福陞紅油炒手,102
福陞紅油炒手,田園美食屋,102
田園美食屋,萊客堡早午餐,96
萊客堡早午餐,田園美食屋,96
田園美食屋,白胡子牛排館,96
白胡子牛排館,田園美食屋,96
田園美食屋,美式早餐屋,80
美式早餐屋,田園美食屋,80
田園美食屋,幸福小館,84
幸福小館,田園美食屋,84
田園美食屋,Daddy's美式餐廳,103
Daddy's美式餐廳,田園美食屋,103
田園美食屋,馬爾波咖啡,96
馬爾波咖啡,田園美食屋,96
田園美食屋,家鄉麵店,86
家鄉麵店,田園美食屋,86
田園美食屋,香米自助餐,88
香米自助餐,田園美食屋,88
田園美食屋,八哥重慶酸辣粉,98
八哥重慶酸辣粉,田園美食屋,98
田園美食屋,中壢正新明牛肉麵,74
中壢正新明牛肉麵,田園美食屋,74
田園美食屋,我家便利商店,77
我家便利商店,田園美食屋,77
田園美食屋,大中央厚切牛排,83
大中央厚切牛排,田園美食屋,83
田園美食屋,竹香自助餐,34
竹香自助餐,田園美食屋,34
田園美食屋,健康美食館,66
健康美食館,田園美食屋,66
田園美食屋,惟客早餐店,99
惟客早餐店,田園美食屋,99
田園美食屋,萊姆斯早午餐,99
萊姆斯早午餐,田園美食屋,99
Ale,韓林,10
韓林,Ale,10
Ale,香城燒臘,28
香城燒臘,Ale,28
Ale,雙寶爸涼麵,41
雙寶爸涼麵,Ale,41
Ale,夠義式,43
夠義式,Ale,43
Ale,幸福廚房,45
幸福廚房,Ale,45
Ale,小紅牛,55
小紅牛,Ale,55
Ale,火靠窯Pizza,49
火靠窯Pizza,Ale,49
Ale,太祖魷魚羹,45
太祖魷魚羹,Ale,45
Ale,香煎小舖,49
香煎小舖,Ale,49
Ale,內卡小館,34
內卡小館,Ale,34
Ale,燒餅窯,30
燒餅窯,Ale,30
Ale,瑞麟美而美,10
瑞麟美而美,Ale,10
Ale,小豬滷味,24
小豬滷味,Ale,24
Ale,微笑轉角,31
微笑轉角,Ale,31
Ale,霸王,35
霸王,Ale,35
Ale,咖哩老師,42
咖哩老師,Ale,42
Ale,山頂洞人,46
山頂洞人,Ale,46
Ale,小惡魔,53
小惡魔,Ale,53
Ale,粥王,60
粥王,Ale,60
Ale,銀河炒飯,62
銀河炒飯,Ale,62
Ale,一品鍋,81
一品鍋,Ale,81
Ale,無敵蛋餅,74
無敵蛋餅,Ale,74
Ale,包子饅頭,74
包子饅頭,Ale,74
Ale,花茶大師,71
花茶大師,Ale,71
Ale,鬼島漢堡,36
鬼島漢堡,Ale,36
Ale,雞排車,33
雞排車,Ale,33
Ale,一億園,39
一億園,Ale,39
Ale,夏克奶茶,42
夏克奶茶,Ale,42
Ale,東東生鮮手工大水餃,48
東東生鮮手工大水餃,Ale,48
Ale,美味王,60
美味王,Ale,60
Ale,滿食記燒肉丼飯,64
滿食記燒肉丼飯,Ale,64
Ale,Enf-健康輕食餐,62
Enf-健康輕食餐,Ale,62
Ale,饌食園,58
饌食園,Ale,58
Ale,香恬園,75
香恬園,Ale,75
Ale,宵夜屋自助餐,74
宵夜屋自助餐,Ale,74
Ale,來來炒飯,72
來來炒飯,Ale,72
Ale,喬慧素食,72
喬慧素食,Ale,72
Ale,來客,21
來客,Ale,21
Ale,真功夫蔥抓餅,24
真功夫蔥抓餅,Ale,24
Ale,傻師傅湯包,10
傻師傅湯包,Ale,10
Ale,早安美芝城中壢活力中央,18
早安美芝城中壢活力中央,Ale,18
Ale,京城韓式湯飯,38
京城韓式湯飯,Ale,38
Ale,吉米熊新點子早午餐,104
吉米熊新點子早午餐,Ale,104
Ale,鴻樂,124
鴻樂,Ale,124
Ale,雞師父醬汁照燒雞排,16
雞師父醬汁照燒雞排,Ale,16
Ale,燈丫腳湯包車,11
燈丫腳湯包車,Ale,11
Ale,Ticket Toast 提齊熱壓吐司,21
Ticket Toast 提齊熱壓吐司,Ale,21
Ale,Main蛋,77
Main蛋,Ale,77
韓林,香城燒臘,36
香城燒臘,韓林,36
韓林,雙寶爸涼麵,32
雙寶爸涼麵,韓林,32
韓林,夠義式,34
夠義式,韓林,34
韓林,幸福廚房,36
幸福廚房,韓林,36
韓林,小紅牛,46
小紅牛,韓林,46
韓林,火靠窯Pizza,40
火靠窯Pizza,韓林,40
韓林,太祖魷魚羹,36
太祖魷魚羹,韓林,36
韓林,香煎小舖,40
香煎小舖,韓林,40
韓林,內卡小館,25
內卡小館,韓林,25
韓林,燒餅窯,21
燒餅窯,韓林,21
韓林,瑞麟美而美,12
瑞麟美而美,韓林,12
韓林,小豬滷味,32
小豬滷味,韓林,32
韓林,微笑轉角,39
微笑轉角,韓林,39
韓林,霸王,44
霸王,韓林,44
韓林,咖哩老師,50
咖哩老師,韓林,50
韓林,山頂洞人,54
山頂洞人,韓林,54
韓林,小惡魔,62
小惡魔,韓林,62
韓林,粥王,69
粥王,韓林,69
韓林,銀河炒飯,71
銀河炒飯,韓林,71
韓林,一品鍋,90
一品鍋,韓林,90
韓林,無敵蛋餅,83
無敵蛋餅,韓林,83
韓林,包子饅頭,82
包子饅頭,韓林,82
韓林,花茶大師,80
花茶大師,韓林,80
韓林,鬼島漢堡,45
鬼島漢堡,韓林,45
韓林,雞排車,42
雞排車,韓林,42
韓林,一億園,48
一億園,韓林,48
韓林,夏克奶茶,51
夏克奶茶,韓林,51
韓林,東東生鮮手工大水餃,57
東東生鮮手工大水餃,韓林,57
韓林,美味王,69
美味王,韓林,69
韓林,滿食記燒肉丼飯,73
滿食記燒肉丼飯,韓林,73
韓林,Enf-健康輕食餐,71
Enf-健康輕食餐,韓林,71
韓林,饌食園,67
饌食園,韓林,67
韓林,香恬園,84
香恬園,韓林,84
韓林,宵夜屋自助餐,83
宵夜屋自助餐,韓林,83
韓林,來來炒飯,81
來來炒飯,韓林,81
韓林,喬慧素食,81
喬慧素食,韓林,81
韓林,來客,29
來客,韓林,29
韓林,真功夫蔥抓餅,32
真功夫蔥抓餅,韓林,32
韓林,傻師傅湯包,14
傻師傅湯包,韓林,14
韓林,早安美芝城中壢活力中央,10
早安美芝城中壢活力中央,韓林,10
韓林,京城韓式湯飯,29
京城韓式湯飯,韓林,29
韓林,吉米熊新點子早午餐,99
吉米熊新點子早午餐,韓林,99
韓林,鴻樂,119
鴻樂,韓林,119
韓林,雞師父醬汁照燒雞排,24
雞師父醬汁照燒雞排,韓林,24
韓林,燈丫腳湯包車,20
燈丫腳湯包車,韓林,20
韓林,Ticket Toast 提齊熱壓吐司,29
Ticket Toast 提齊熱壓吐司,韓林,29
韓林,Main蛋,86
Main蛋,韓林,86
胡思咖啡,迷路義麵屋,49
迷路義麵屋,胡思咖啡,49
胡思咖啡,熱浪島南洋蔬食茶堂,78
熱浪島南洋蔬食茶堂,胡思咖啡,78
胡思咖啡,阿米玲食堂,33
阿米玲食堂,胡思咖啡,33
胡思咖啡,樂活堡,43
樂活堡,胡思咖啡,43
胡思咖啡,八方雲集,31
八方雲集,胡思咖啡,31
胡思咖啡,津知園排骨,49
津知園排骨,胡思咖啡,49
胡思咖啡,廚窗食坊,48
廚窗食坊,胡思咖啡,48
胡思咖啡,隨緣餐廳,42
隨緣餐廳,胡思咖啡,42
胡思咖啡,麥堡堡早點,55
麥堡堡早點,胡思咖啡,55
胡思咖啡,拉亞漢堡,83
拉亞漢堡,胡思咖啡,83
胡思咖啡,清心福全冷飲站,62
清心福全冷飲站,胡思咖啡,62
胡思咖啡,秈春坊,89
秈春坊,胡思咖啡,89
胡思咖啡,福泉豆花,74
福泉豆花,胡思咖啡,74
胡思咖啡,27秀梅,59
27秀梅,胡思咖啡,59
胡思咖啡,吉米熊新點子早午餐,74
吉米熊新點子早午餐,胡思咖啡,74
胡思咖啡,鴻樂,52
鴻樂,胡思咖啡,52
胡思咖啡,CASA BRASIL NCU,18
CASA BRASIL NCU,胡思咖啡,18
胡思咖啡,秘密基地,32
秘密基地,胡思咖啡,32
胡思咖啡,米豆Mido,50
米豆Mido,胡思咖啡,50
胡思咖啡,哈堡堡,26
哈堡堡,胡思咖啡,26
胡思咖啡,熟檸檬食肆,36
熟檸檬食肆,胡思咖啡,36
胡思咖啡,滷味居,39
滷味居,胡思咖啡,39
胡思咖啡,歐姆萊斯,47
歐姆萊斯,胡思咖啡,47
胡思咖啡,達啵廚房,55
達啵廚房,胡思咖啡,55
胡思咖啡,漢林大漢堡,54
漢林大漢堡,胡思咖啡,54
胡思咖啡,米樂義大利,57
米樂義大利,胡思咖啡,57
胡思咖啡,九品,58
九品,胡思咖啡,58
胡思咖啡,麥克小姐,65
麥克小姐,胡思咖啡,65
胡思咖啡,福陞紅油炒手,72
福陞紅油炒手,胡思咖啡,72
胡思咖啡,萊客堡早午餐,67
萊客堡早午餐,胡思咖啡,67
胡思咖啡,白胡子牛排館,69
白胡子牛排館,胡思咖啡,69
胡思咖啡,美式早餐屋,51
美式早餐屋,胡思咖啡,51
胡思咖啡,幸福小館,53
幸福小館,胡思咖啡,53
胡思咖啡,Daddy's美式餐廳,88
Daddy's美式餐廳,胡思咖啡,88
胡思咖啡,馬爾波咖啡,77
馬爾波咖啡,胡思咖啡,77
胡思咖啡,家鄉麵店,60
家鄉麵店,胡思咖啡,60
胡思咖啡,香米自助餐,63
香米自助餐,胡思咖啡,63
胡思咖啡,八哥重慶酸辣粉,80
八哥重慶酸辣粉,胡思咖啡,80
胡思咖啡,中壢正新明牛肉麵,48
中壢正新明牛肉麵,胡思咖啡,48
胡思咖啡,我家便利商店,53
我家便利商店,胡思咖啡,53
胡思咖啡,大中央厚切牛排,48
大中央厚切牛排,胡思咖啡,48
胡思咖啡,竹香自助餐,11
竹香自助餐,胡思咖啡,11
胡思咖啡,健康美食館,34
健康美食館,胡思咖啡,34
胡思咖啡,惟客早餐店,72
惟客早餐店,胡思咖啡,72
胡思咖啡,萊姆斯早午餐,74
萊姆斯早午餐,胡思咖啡,74
香城燒臘,雙寶爸涼麵,69
雙寶爸涼麵,香城燒臘,69
香城燒臘,夠義式,70
夠義式,香城燒臘,70
香城燒臘,幸福廚房,73
幸福廚房,香城燒臘,73
香城燒臘,小紅牛,83
小紅牛,香城燒臘,83
香城燒臘,火靠窯Pizza,77
火靠窯Pizza,香城燒臘,77
香城燒臘,太祖魷魚羹,73
太祖魷魚羹,香城燒臘,73
香城燒臘,香煎小舖,76
香煎小舖,香城燒臘,76
香城燒臘,內卡小館,62
內卡小館,香城燒臘,62
香城燒臘,燒餅窯,57
燒餅窯,香城燒臘,57
香城燒臘,瑞麟美而美,29
瑞麟美而美,香城燒臘,29
香城燒臘,小豬滷味,10
小豬滷味,香城燒臘,10
香城燒臘,微笑轉角,10
微笑轉角,香城燒臘,10
香城燒臘,霸王,10
霸王,香城燒臘,10
香城燒臘,咖哩老師,14
咖哩老師,香城燒臘,14
香城燒臘,山頂洞人,17
山頂洞人,香城燒臘,17
香城燒臘,小惡魔,25
小惡魔,香城燒臘,25
香城燒臘,粥王,33
粥王,香城燒臘,33
香城燒臘,銀河炒飯,34
銀河炒飯,香城燒臘,34
香城燒臘,一品鍋,55
一品鍋,香城燒臘,55
香城燒臘,無敵蛋餅,50
無敵蛋餅,香城燒臘,50
香城燒臘,包子饅頭,49
包子饅頭,香城燒臘,49
香城燒臘,花茶大師,46
花茶大師,香城燒臘,46
香城燒臘,鬼島漢堡,10
鬼島漢堡,香城燒臘,10
香城燒臘,雞排車,10
雞排車,香城燒臘,10
香城燒臘,一億園,12
一億園,香城燒臘,12
香城燒臘,夏克奶茶,16
夏克奶茶,香城燒臘,16
香城燒臘,東東生鮮手工大水餃,22
東東生鮮手工大水餃,香城燒臘,22
香城燒臘,美味王,33
美味王,香城燒臘,33
香城燒臘,滿食記燒肉丼飯,39
滿食記燒肉丼飯,香城燒臘,39
香城燒臘,Enf-健康輕食餐,37
Enf-健康輕食餐,香城燒臘,37
香城燒臘,饌食園,33
饌食園,香城燒臘,33
香城燒臘,香恬園,49
香恬園,香城燒臘,49
香城燒臘,宵夜屋自助餐,47
宵夜屋自助餐,香城燒臘,47
香城燒臘,來來炒飯,46
來來炒飯,香城燒臘,46
香城燒臘,喬慧素食,46
喬慧素食,香城燒臘,46
香城燒臘,來客,18
來客,香城燒臘,18
香城燒臘,真功夫蔥抓餅,22
真功夫蔥抓餅,香城燒臘,22
香城燒臘,傻師傅湯包,22
傻師傅湯包,香城燒臘,22
香城燒臘,早安美芝城中壢活力中央,45
早安美芝城中壢活力中央,香城燒臘,45
香城燒臘,京城韓式湯飯,65
京城韓式湯飯,香城燒臘,65
香城燒臘,雞師父醬汁照燒雞排,13
雞師父醬汁照燒雞排,香城燒臘,13
香城燒臘,燈丫腳湯包車,17
燈丫腳湯包車,香城燒臘,17
香城燒臘,Ticket Toast 提齊熱壓吐司,10
Ticket Toast 提齊熱壓吐司,香城燒臘,10
香城燒臘,Main蛋,50
Main蛋,香城燒臘,50
雙寶爸涼麵,夠義式,10
夠義式,雙寶爸涼麵,10
雙寶爸涼麵,幸福廚房,10
幸福廚房,雙寶爸涼麵,10
雙寶爸涼麵,小紅牛,14
小紅牛,雙寶爸涼麵,14
雙寶爸涼麵,火靠窯Pizza,10
火靠窯Pizza,雙寶爸涼麵,10
雙寶爸涼麵,太祖魷魚羹,10
太祖魷魚羹,雙寶爸涼麵,10
雙寶爸涼麵,香煎小舖,10
香煎小舖,雙寶爸涼麵,10
雙寶爸涼麵,內卡小館,10
內卡小館,雙寶爸涼麵,10
雙寶爸涼麵,燒餅窯,13
燒餅窯,雙寶爸涼麵,13
雙寶爸涼麵,瑞麟美而美,41
瑞麟美而美,雙寶爸涼麵,41
雙寶爸涼麵,小豬滷味,64
小豬滷味,雙寶爸涼麵,64
雙寶爸涼麵,微笑轉角,70
微笑轉角,雙寶爸涼麵,70
雙寶爸涼麵,霸王,76
霸王,雙寶爸涼麵,76
雙寶爸涼麵,咖哩老師,83
咖哩老師,雙寶爸涼麵,83
雙寶爸涼麵,山頂洞人,87
山頂洞人,雙寶爸涼麵,87
雙寶爸涼麵,小惡魔,94
小惡魔,雙寶爸涼麵,94
雙寶爸涼麵,粥王,101
粥王,雙寶爸涼麵,101
雙寶爸涼麵,銀河炒飯,103
銀河炒飯,雙寶爸涼麵,103
雙寶爸涼麵,一品鍋,122
一品鍋,雙寶爸涼麵,122
雙寶爸涼麵,無敵蛋餅,115
無敵蛋餅,雙寶爸涼麵,115
雙寶爸涼麵,包子饅頭,114
包子饅頭,雙寶爸涼麵,114
雙寶爸涼麵,花茶大師,111
花茶大師,雙寶爸涼麵,111
雙寶爸涼麵,鬼島漢堡,78
鬼島漢堡,雙寶爸涼麵,78
雙寶爸涼麵,雞排車,74
雞排車,雙寶爸涼麵,74
雙寶爸涼麵,一億園,80
一億園,雙寶爸涼麵,80
雙寶爸涼麵,夏克奶茶,83
夏克奶茶,雙寶爸涼麵,83
雙寶爸涼麵,東東生鮮手工大水餃,89
東東生鮮手工大水餃,雙寶爸涼麵,89
雙寶爸涼麵,美味王,101
美味王,雙寶爸涼麵,101
雙寶爸涼麵,滿食記燒肉丼飯,105
滿食記燒肉丼飯,雙寶爸涼麵,105
雙寶爸涼麵,熱浪島南洋蔬食茶堂,122
熱浪島南洋蔬食茶堂,雙寶爸涼麵,122
雙寶爸涼麵,Enf-健康輕食餐,102
Enf-健康輕食餐,雙寶爸涼麵,102
雙寶爸涼麵,饌食園,99
饌食園,雙寶爸涼麵,99
雙寶爸涼麵,香恬園,116
香恬園,雙寶爸涼麵,116
雙寶爸涼麵,宵夜屋自助餐,115
宵夜屋自助餐,雙寶爸涼麵,115
雙寶爸涼麵,來來炒飯,113
來來炒飯,雙寶爸涼麵,113
雙寶爸涼麵,喬慧素食,113
喬慧素食,雙寶爸涼麵,113
雙寶爸涼麵,來客,60
來客,雙寶爸涼麵,60
雙寶爸涼麵,真功夫蔥抓餅,61
真功夫蔥抓餅,雙寶爸涼麵,61
雙寶爸涼麵,傻師傅湯包,47
傻師傅湯包,雙寶爸涼麵,47
雙寶爸涼麵,早安美芝城中壢活力中央,24
早安美芝城中壢活力中央,雙寶爸涼麵,24
雙寶爸涼麵,京城韓式湯飯,10
京城韓式湯飯,雙寶爸涼麵,10
雙寶爸涼麵,吉米熊新點子早午餐,81
吉米熊新點子早午餐,雙寶爸涼麵,81
雙寶爸涼麵,鴻樂,102
鴻樂,雙寶爸涼麵,102
雙寶爸涼麵,雞師父醬汁照燒雞排,56
雞師父醬汁照燒雞排,雙寶爸涼麵,56
雙寶爸涼麵,燈丫腳湯包車,52
燈丫腳湯包車,雙寶爸涼麵,52
雙寶爸涼麵,Ticket Toast 提齊熱壓吐司,61
Ticket Toast 提齊熱壓吐司,雙寶爸涼麵,61
雙寶爸涼麵,Main蛋,118
Main蛋,雙寶爸涼麵,118
迷路義麵屋,熱浪島南洋蔬食茶堂,117
熱浪島南洋蔬食茶堂,迷路義麵屋,117
迷路義麵屋,阿米玲食堂,22
阿米玲食堂,迷路義麵屋,22
迷路義麵屋,樂活堡,29
樂活堡,迷路義麵屋,29
迷路義麵屋,八方雲集,20
八方雲集,迷路義麵屋,20
迷路義麵屋,津知園排骨,18
津知園排骨,迷路義麵屋,18
迷路義麵屋,廚窗食坊,12
廚窗食坊,迷路義麵屋,12
迷路義麵屋,隨緣餐廳,40
隨緣餐廳,迷路義麵屋,40
迷路義麵屋,麥堡堡早點,33
麥堡堡早點,迷路義麵屋,33
迷路義麵屋,拉亞漢堡,71
拉亞漢堡,迷路義麵屋,71
迷路義麵屋,清心福全冷飲站,46
清心福全冷飲站,迷路義麵屋,46
迷路義麵屋,秈春坊,80
秈春坊,迷路義麵屋,80
迷路義麵屋,福泉豆花,61
福泉豆花,迷路義麵屋,61
迷路義麵屋,27秀梅,41
27秀梅,迷路義麵屋,41
迷路義麵屋,吉米熊新點子早午餐,123
吉米熊新點子早午餐,迷路義麵屋,123
迷路義麵屋,鴻樂,101
鴻樂,迷路義麵屋,101
迷路義麵屋,CASA BRASIL NCU,42
CASA BRASIL NCU,迷路義麵屋,42
迷路義麵屋,秘密基地,23
秘密基地,迷路義麵屋,23
迷路義麵屋,米豆Mido,22
米豆Mido,迷路義麵屋,22
迷路義麵屋,哈堡堡,40
哈堡堡,迷路義麵屋,40
迷路義麵屋,熟檸檬食肆,23
熟檸檬食肆,迷路義麵屋,23
迷路義麵屋,滷味居,26
滷味居,迷路義麵屋,26
迷路義麵屋,歐姆萊斯,35
歐姆萊斯,迷路義麵屋,35
迷路義麵屋,達啵廚房,43
達啵廚房,迷路義麵屋,43
迷路義麵屋,漢林大漢堡,14
漢林大漢堡,迷路義麵屋,14
迷路義麵屋,米樂義大利,21
米樂義大利,迷路義麵屋,21
迷路義麵屋,九品,26
九品,迷路義麵屋,26
迷路義麵屋,麥克小姐,35
麥克小姐,迷路義麵屋,35
迷路義麵屋,福陞紅油炒手,47
福陞紅油炒手,迷路義麵屋,47
迷路義麵屋,萊客堡早午餐,48
萊客堡早午餐,迷路義麵屋,48
迷路義麵屋,白胡子牛排館,52
白胡子牛排館,迷路義麵屋,52
迷路義麵屋,美式早餐屋,39
美式早餐屋,迷路義麵屋,39
迷路義麵屋,幸福小館,28
幸福小館,迷路義麵屋,28
迷路義麵屋,Daddy's美式餐廳,90
Daddy's美式餐廳,迷路義麵屋,90
迷路義麵屋,馬爾波咖啡,77
馬爾波咖啡,迷路義麵屋,77
迷路義麵屋,家鄉麵店,50
家鄉麵店,迷路義麵屋,50
迷路義麵屋,香米自助餐,56
香米自助餐,迷路義麵屋,56
迷路義麵屋,八哥重慶酸辣粉,81
八哥重慶酸辣粉,迷路義麵屋,81
迷路義麵屋,中壢正新明牛肉麵,42
中壢正新明牛肉麵,迷路義麵屋,42
迷路義麵屋,我家便利商店,46
我家便利商店,迷路義麵屋,46
迷路義麵屋,大中央厚切牛排,10
大中央厚切牛排,迷路義麵屋,10
迷路義麵屋,竹香自助餐,53
竹香自助餐,迷路義麵屋,53
迷路義麵屋,健康美食館,26
健康美食館,迷路義麵屋,26
迷路義麵屋,惟客早餐店,57
惟客早餐店,迷路義麵屋,57
迷路義麵屋,萊姆斯早午餐,61
萊姆斯早午餐,迷路義麵屋,61
麥味登,松院餐廳,10
松院餐廳,麥味登,10
麥味登,路易莎咖啡,10
路易莎咖啡,麥味登,10
夠義式,幸福廚房,10
幸福廚房,夠義式,10
夠義式,小紅牛,18
小紅牛,夠義式,18
夠義式,火靠窯Pizza,14
火靠窯Pizza,夠義式,14
夠義式,太祖魷魚羹,10
太祖魷魚羹,夠義式,10
夠義式,香煎小舖,10
香煎小舖,夠義式,10
夠義式,內卡小館,12
內卡小館,夠義式,12
夠義式,燒餅窯,13
燒餅窯,夠義式,13
夠義式,瑞麟美而美,41
瑞麟美而美,夠義式,41
夠義式,小豬滷味,63
小豬滷味,夠義式,63
夠義式,微笑轉角,70
微笑轉角,夠義式,70
夠義式,霸王,76
霸王,夠義式,76
夠義式,咖哩老師,83
咖哩老師,夠義式,83
夠義式,山頂洞人,88
山頂洞人,夠義式,88
夠義式,小惡魔,95
小惡魔,夠義式,95
夠義式,粥王,103
粥王,夠義式,103
夠義式,銀河炒飯,104
銀河炒飯,夠義式,104
夠義式,一品鍋,124
一品鍋,夠義式,124
夠義式,無敵蛋餅,118
無敵蛋餅,夠義式,118
夠義式,包子饅頭,117
包子饅頭,夠義式,117
夠義式,花茶大師,114
花茶大師,夠義式,114
夠義式,鬼島漢堡,79
鬼島漢堡,夠義式,79
夠義式,雞排車,75
雞排車,夠義式,75
夠義式,一億園,81
一億園,夠義式,81
夠義式,夏克奶茶,85
夏克奶茶,夠義式,85
夠義式,東東生鮮手工大水餃,91
東東生鮮手工大水餃,夠義式,91
夠義式,美味王,103
美味王,夠義式,103
夠義式,滿食記燒肉丼飯,107
滿食記燒肉丼飯,夠義式,107
夠義式,Enf-健康輕食餐,105
Enf-健康輕食餐,夠義式,105
夠義式,饌食園,101
饌食園,夠義式,101
夠義式,香恬園,118
香恬園,夠義式,118
夠義式,宵夜屋自助餐,117
宵夜屋自助餐,夠義式,117
夠義式,來來炒飯,115
來來炒飯,夠義式,115
夠義式,喬慧素食,115
喬慧素食,夠義式,115
夠義式,來客,63
來客,夠義式,63
夠義式,真功夫蔥抓餅,65
真功夫蔥抓餅,夠義式,65
夠義式,傻師傅湯包,48
傻師傅湯包,夠義式,48
夠義式,早安美芝城中壢活力中央,24
早安美芝城中壢活力中央,夠義式,24
夠義式,京城韓式湯飯,10
京城韓式湯飯,夠義式,10
夠義式,吉米熊新點子早午餐,90
吉米熊新點子早午餐,夠義式,90
夠義式,鴻樂,111
鴻樂,夠義式,111
夠義式,雞師父醬汁照燒雞排,57
雞師父醬汁照燒雞排,夠義式,57
夠義式,燈丫腳湯包車,53
燈丫腳湯包車,夠義式,53
夠義式,Ticket Toast 提齊熱壓吐司,61
Ticket Toast 提齊熱壓吐司,夠義式,61
夠義式,Main蛋,120
Main蛋,夠義式,120
幸福廚房,小紅牛,16
小紅牛,幸福廚房,16
幸福廚房,火靠窯Pizza,13
火靠窯Pizza,幸福廚房,13
幸福廚房,太祖魷魚羹,10
太祖魷魚羹,幸福廚房,10
幸福廚房,香煎小舖,10
香煎小舖,幸福廚房,10
幸福廚房,內卡小館,13
內卡小館,幸福廚房,13
幸福廚房,燒餅窯,15
燒餅窯,幸福廚房,15
幸福廚房,瑞麟美而美,44
瑞麟美而美,幸福廚房,44
幸福廚房,小豬滷味,66
小豬滷味,幸福廚房,66
幸福廚房,微笑轉角,73
微笑轉角,幸福廚房,73
幸福廚房,霸王,79
霸王,幸福廚房,79
幸福廚房,咖哩老師,86
咖哩老師,幸福廚房,86
幸福廚房,山頂洞人,91
山頂洞人,幸福廚房,91
幸福廚房,小惡魔,98
小惡魔,幸福廚房,98
幸福廚房,粥王,106
粥王,幸福廚房,106
幸福廚房,銀河炒飯,107
銀河炒飯,幸福廚房,107
幸福廚房,無敵蛋餅,120
無敵蛋餅,幸福廚房,120
幸福廚房,包子饅頭,119
包子饅頭,幸福廚房,119
幸福廚房,花茶大師,117
花茶大師,幸福廚房,117
幸福廚房,鬼島漢堡,82
鬼島漢堡,幸福廚房,82
幸福廚房,雞排車,78
雞排車,幸福廚房,78
幸福廚房,一億園,84
一億園,幸福廚房,84
幸福廚房,夏克奶茶,88
夏克奶茶,幸福廚房,88
幸福廚房,東東生鮮手工大水餃,94
東東生鮮手工大水餃,幸福廚房,94
幸福廚房,美味王,105
美味王,幸福廚房,105
幸福廚房,滿食記燒肉丼飯,110
滿食記燒肉丼飯,幸福廚房,110
幸福廚房,Enf-健康輕食餐,107
Enf-健康輕食餐,幸福廚房,107
幸福廚房,饌食園,104
饌食園,幸福廚房,104
幸福廚房,香恬園,121
香恬園,幸福廚房,121
幸福廚房,宵夜屋自助餐,119
宵夜屋自助餐,幸福廚房,119
幸福廚房,來來炒飯,118
來來炒飯,幸福廚房,118
幸福廚房,喬慧素食,118
喬慧素食,幸福廚房,118
幸福廚房,來客,66
來客,幸福廚房,66
幸福廚房,真功夫蔥抓餅,68
真功夫蔥抓餅,幸福廚房,68
幸福廚房,傻師傅湯包,51
傻師傅湯包,幸福廚房,51
幸福廚房,早安美芝城中壢活力中央,27
早安美芝城中壢活力中央,幸福廚房,27
幸福廚房,京城韓式湯飯,10
京城韓式湯飯,幸福廚房,10
幸福廚房,吉米熊新點子早午餐,88
吉米熊新點子早午餐,幸福廚房,88
幸福廚房,鴻樂,109
鴻樂,幸福廚房,109
幸福廚房,雞師父醬汁照燒雞排,60
雞師父醬汁照燒雞排,幸福廚房,60
幸福廚房,燈丫腳湯包車,56
燈丫腳湯包車,幸福廚房,56
幸福廚房,Ticket Toast 提齊熱壓吐司,64
Ticket Toast 提齊熱壓吐司,幸福廚房,64
幸福廚房,Main蛋,123
Main蛋,幸福廚房,123
小紅牛,火靠窯Pizza,10
火靠窯Pizza,小紅牛,10
小紅牛,太祖魷魚羹,10
太祖魷魚羹,小紅牛,10
小紅牛,香煎小舖,13
香煎小舖,小紅牛,13
小紅牛,內卡小館,21
內卡小館,小紅牛,21
小紅牛,燒餅窯,26
燒餅窯,小紅牛,26
小紅牛,瑞麟美而美,55
瑞麟美而美,小紅牛,55
小紅牛,小豬滷味,78
小豬滷味,小紅牛,78
小紅牛,微笑轉角,85
微笑轉角,小紅牛,85
小紅牛,霸王,90
霸王,小紅牛,90
小紅牛,咖哩老師,96
咖哩老師,小紅牛,96
小紅牛,山頂洞人,101
山頂洞人,小紅牛,101
小紅牛,小惡魔,108
小惡魔,小紅牛,108
小紅牛,粥王,115
粥王,小紅牛,115
小紅牛,銀河炒飯,116
銀河炒飯,小紅牛,116
小紅牛,花茶大師,124
花茶大師,小紅牛,124
小紅牛,鬼島漢堡,92
鬼島漢堡,小紅牛,92
小紅牛,雞排車,88
雞排車,小紅牛,88
小紅牛,一億園,94
一億園,小紅牛,94
小紅牛,夏克奶茶,97
夏克奶茶,小紅牛,97
小紅牛,東東生鮮手工大水餃,103
東東生鮮手工大水餃,小紅牛,103
小紅牛,美味王,115
美味王,小紅牛,115
小紅牛,滿食記燒肉丼飯,118
滿食記燒肉丼飯,小紅牛,118
小紅牛,熱浪島南洋蔬食茶堂,109
熱浪島南洋蔬食茶堂,小紅牛,109
小紅牛,Enf-健康輕食餐,115
Enf-健康輕食餐,小紅牛,115
小紅牛,饌食園,112
饌食園,小紅牛,112
小紅牛,來客,73
來客,小紅牛,73
小紅牛,真功夫蔥抓餅,74
真功夫蔥抓餅,小紅牛,74
小紅牛,傻師傅湯包,60
傻師傅湯包,小紅牛,60
小紅牛,早安美芝城中壢活力中央,38
早安美芝城中壢活力中央,小紅牛,38
小紅牛,京城韓式湯飯,21
京城韓式湯飯,小紅牛,21
小紅牛,吉米熊新點子早午餐,73
吉米熊新點子早午餐,小紅牛,73
小紅牛,鴻樂,94
鴻樂,小紅牛,94
小紅牛,雞師父醬汁照燒雞排,70
雞師父醬汁照燒雞排,小紅牛,70
小紅牛,燈丫腳湯包車,66
燈丫腳湯包車,小紅牛,66
小紅牛,Ticket Toast 提齊熱壓吐司,75
Ticket Toast 提齊熱壓吐司,小紅牛,75
火靠窯Pizza,太祖魷魚羹,10
太祖魷魚羹,火靠窯Pizza,10
火靠窯Pizza,香煎小舖,11
香煎小舖,火靠窯Pizza,11
火靠窯Pizza,內卡小館,15
內卡小館,火靠窯Pizza,15
火靠窯Pizza,燒餅窯,21
燒餅窯,火靠窯Pizza,21
火靠窯Pizza,瑞麟美而美,50
瑞麟美而美,火靠窯Pizza,50
火靠窯Pizza,小豬滷味,72
小豬滷味,火靠窯Pizza,72
火靠窯Pizza,微笑轉角,79
微笑轉角,火靠窯Pizza,79
火靠窯Pizza,霸王,84
霸王,火靠窯Pizza,84
火靠窯Pizza,咖哩老師,91
咖哩老師,火靠窯Pizza,91
火靠窯Pizza,山頂洞人,95
山頂洞人,火靠窯Pizza,95
火靠窯Pizza,小惡魔,102
小惡魔,火靠窯Pizza,102
火靠窯Pizza,粥王,109
粥王,火靠窯Pizza,109
火靠窯Pizza,銀河炒飯,111
銀河炒飯,火靠窯Pizza,111
火靠窯Pizza,無敵蛋餅,122
無敵蛋餅,火靠窯Pizza,122
火靠窯Pizza,包子饅頭,121
包子饅頭,火靠窯Pizza,121
火靠窯Pizza,花茶大師,119
花茶大師,火靠窯Pizza,119
火靠窯Pizza,鬼島漢堡,86
鬼島漢堡,火靠窯Pizza,86
火靠窯Pizza,雞排車,83
雞排車,火靠窯Pizza,83
火靠窯Pizza,一億園,88
一億園,火靠窯Pizza,88
火靠窯Pizza,夏克奶茶,92
夏克奶茶,火靠窯Pizza,92
火靠窯Pizza,東東生鮮手工大水餃,97
東東生鮮手工大水餃,火靠窯Pizza,97
火靠窯Pizza,美味王,109
美味王,火靠窯Pizza,109
火靠窯Pizza,滿食記燒肉丼飯,113
滿食記燒肉丼飯,火靠窯Pizza,113
火靠窯Pizza,熱浪島南洋蔬食茶堂,114
熱浪島南洋蔬食茶堂,火靠窯Pizza,114
火靠窯Pizza,Enf-健康輕食餐,110
Enf-健康輕食餐,火靠窯Pizza,110
火靠窯Pizza,饌食園,107
饌食園,火靠窯Pizza,107
火靠窯Pizza,香恬園,124
香恬園,火靠窯Pizza,124
火靠窯Pizza,宵夜屋自助餐,123
宵夜屋自助餐,火靠窯Pizza,123
火靠窯Pizza,來來炒飯,121
來來炒飯,火靠窯Pizza,121
火靠窯Pizza,喬慧素食,121
喬慧素食,火靠窯Pizza,121
火靠窯Pizza,來客,67
來客,火靠窯Pizza,67
火靠窯Pizza,真功夫蔥抓餅,68
真功夫蔥抓餅,火靠窯Pizza,68
火靠窯Pizza,傻師傅湯包,55
傻師傅湯包,火靠窯Pizza,55
火靠窯Pizza,早安美芝城中壢活力中央,33
早安美芝城中壢活力中央,火靠窯Pizza,33
火靠窯Pizza,京城韓式湯飯,16
京城韓式湯飯,火靠窯Pizza,16
火靠窯Pizza,吉米熊新點子早午餐,75
吉米熊新點子早午餐,火靠窯Pizza,75
火靠窯Pizza,鴻樂,96
鴻樂,火靠窯Pizza,96
火靠窯Pizza,雞師父醬汁照燒雞排,65
雞師父醬汁照燒雞排,火靠窯Pizza,65
火靠窯Pizza,燈丫腳湯包車,60
燈丫腳湯包車,火靠窯Pizza,60
火靠窯Pizza,Ticket Toast 提齊熱壓吐司,70
Ticket Toast 提齊熱壓吐司,火靠窯Pizza,70
太祖魷魚羹,香煎小舖,10
香煎小舖,太祖魷魚羹,10
太祖魷魚羹,內卡小館,11
內卡小館,太祖魷魚羹,11
太祖魷魚羹,燒餅窯,16
燒餅窯,太祖魷魚羹,16
太祖魷魚羹,瑞麟美而美,45
瑞麟美而美,太祖魷魚羹,45
太祖魷魚羹,小豬滷味,68
小豬滷味,太祖魷魚羹,68
太祖魷魚羹,微笑轉角,75
微笑轉角,太祖魷魚羹,75
太祖魷魚羹,霸王,80
霸王,太祖魷魚羹,80
太祖魷魚羹,咖哩老師,87
咖哩老師,太祖魷魚羹,87
太祖魷魚羹,山頂洞人,91
山頂洞人,太祖魷魚羹,91
太祖魷魚羹,小惡魔,98
小惡魔,太祖魷魚羹,98
太祖魷魚羹,粥王,106
粥王,太祖魷魚羹,106
太祖魷魚羹,銀河炒飯,107
銀河炒飯,太祖魷魚羹,107
太祖魷魚羹,無敵蛋餅,119
無敵蛋餅,太祖魷魚羹,119
太祖魷魚羹,包子饅頭,118
包子饅頭,太祖魷魚羹,118
太祖魷魚羹,花茶大師,115
花茶大師,太祖魷魚羹,115
太祖魷魚羹,鬼島漢堡,82
鬼島漢堡,太祖魷魚羹,82
太祖魷魚羹,雞排車,78
雞排車,太祖魷魚羹,78
太祖魷魚羹,一億園,84
一億園,太祖魷魚羹,84
太祖魷魚羹,夏克奶茶,88
夏克奶茶,太祖魷魚羹,88
太祖魷魚羹,東東生鮮手工大水餃,94
東東生鮮手工大水餃,太祖魷魚羹,94
太祖魷魚羹,美味王,105
美味王,太祖魷魚羹,105
太祖魷魚羹,滿食記燒肉丼飯,109
滿食記燒肉丼飯,太祖魷魚羹,109
太祖魷魚羹,熱浪島南洋蔬食茶堂,119
熱浪島南洋蔬食茶堂,太祖魷魚羹,119
太祖魷魚羹,Enf-健康輕食餐,106
Enf-健康輕食餐,太祖魷魚羹,106
太祖魷魚羹,饌食園,103
饌食園,太祖魷魚羹,103
太祖魷魚羹,香恬園,121
香恬園,太祖魷魚羹,121
太祖魷魚羹,宵夜屋自助餐,119
宵夜屋自助餐,太祖魷魚羹,119
太祖魷魚羹,來來炒飯,118
來來炒飯,太祖魷魚羹,118
太祖魷魚羹,喬慧素食,118
喬慧素食,太祖魷魚羹,118
太祖魷魚羹,來客,64
來客,太祖魷魚羹,64
太祖魷魚羹,真功夫蔥抓餅,65
真功夫蔥抓餅,太祖魷魚羹,65
太祖魷魚羹,傻師傅湯包,51
傻師傅湯包,太祖魷魚羹,51
太祖魷魚羹,早安美芝城中壢活力中央,28
早安美芝城中壢活力中央,太祖魷魚羹,28
太祖魷魚羹,京城韓式湯飯,11
京城韓式湯飯,太祖魷魚羹,11
太祖魷魚羹,吉米熊新點子早午餐,79
吉米熊新點子早午餐,太祖魷魚羹,79
太祖魷魚羹,鴻樂,101
鴻樂,太祖魷魚羹,101
太祖魷魚羹,雞師父醬汁照燒雞排,61
雞師父醬汁照燒雞排,太祖魷魚羹,61
太祖魷魚羹,燈丫腳湯包車,56
燈丫腳湯包車,太祖魷魚羹,56
太祖魷魚羹,Ticket Toast 提齊熱壓吐司,65
Ticket Toast 提齊熱壓吐司,太祖魷魚羹,65
太祖魷魚羹,Main蛋,122
Main蛋,太祖魷魚羹,122
香煎小舖,內卡小館,16
內卡小館,香煎小舖,16
香煎小舖,燒餅窯,18
燒餅窯,香煎小舖,18
香煎小舖,瑞麟美而美,47
瑞麟美而美,香煎小舖,47
香煎小舖,小豬滷味,70
小豬滷味,香煎小舖,70
香煎小舖,微笑轉角,76
微笑轉角,香煎小舖,76
香煎小舖,霸王,82
霸王,香煎小舖,82
香煎小舖,咖哩老師,89
咖哩老師,香煎小舖,89
香煎小舖,山頂洞人,94
山頂洞人,香煎小舖,94
香煎小舖,小惡魔,101
小惡魔,香煎小舖,101
香煎小舖,粥王,109
粥王,香煎小舖,109
香煎小舖,銀河炒飯,110
銀河炒飯,香煎小舖,110
香煎小舖,無敵蛋餅,123
無敵蛋餅,香煎小舖,123
香煎小舖,包子饅頭,122
包子饅頭,香煎小舖,122
香煎小舖,花茶大師,120
花茶大師,香煎小舖,120
香煎小舖,鬼島漢堡,85
鬼島漢堡,香煎小舖,85
香煎小舖,雞排車,81
雞排車,香煎小舖,81
香煎小舖,一億園,88
一億園,香煎小舖,88
香煎小舖,夏克奶茶,91
夏克奶茶,香煎小舖,91
香煎小舖,東東生鮮手工大水餃,97
東東生鮮手工大水餃,香煎小舖,97
香煎小舖,美味王,109
美味王,香煎小舖,109
香煎小舖,滿食記燒肉丼飯,113
滿食記燒肉丼飯,香煎小舖,113
香煎小舖,熱浪島南洋蔬食茶堂,122
熱浪島南洋蔬食茶堂,香煎小舖,122
香煎小舖,Enf-健康輕食餐,111
Enf-健康輕食餐,香煎小舖,111
香煎小舖,饌食園,107
饌食園,香煎小舖,107
香煎小舖,香恬園,124
香恬園,香煎小舖,124
香煎小舖,宵夜屋自助餐,123
宵夜屋自助餐,香煎小舖,123
香煎小舖,來來炒飯,121
來來炒飯,香煎小舖,121
香煎小舖,喬慧素食,121
喬慧素食,香煎小舖,121
香煎小舖,來客,69
來客,香煎小舖,69
香煎小舖,真功夫蔥抓餅,70
真功夫蔥抓餅,香煎小舖,70
香煎小舖,傻師傅湯包,54
傻師傅湯包,香煎小舖,54
香煎小舖,早安美芝城中壢活力中央,30
早安美芝城中壢活力中央,香煎小舖,30
香煎小舖,京城韓式湯飯,10
京城韓式湯飯,香煎小舖,10
香煎小舖,吉米熊新點子早午餐,86
吉米熊新點子早午餐,香煎小舖,86
香煎小舖,鴻樂,108
鴻樂,香煎小舖,108
香煎小舖,雞師父醬汁照燒雞排,63
雞師父醬汁照燒雞排,香煎小舖,63
香煎小舖,燈丫腳湯包車,59
燈丫腳湯包車,香煎小舖,59
香煎小舖,Ticket Toast 提齊熱壓吐司,67
Ticket Toast 提齊熱壓吐司,香煎小舖,67
內卡小館,燒餅窯,10
燒餅窯,內卡小館,10
內卡小館,瑞麟美而美,34
瑞麟美而美,內卡小館,34
內卡小館,小豬滷味,57
小豬滷味,內卡小館,57
內卡小館,微笑轉角,63
微笑轉角,內卡小館,63
內卡小館,霸王,69
霸王,內卡小館,69
內卡小館,咖哩老師,75
咖哩老師,內卡小館,75
內卡小館,山頂洞人,80
山頂洞人,內卡小館,80
內卡小館,小惡魔,87
小惡魔,內卡小館,87
內卡小館,粥王,94
粥王,內卡小館,94
內卡小館,銀河炒飯,96
銀河炒飯,內卡小館,96
內卡小館,一品鍋,115
一品鍋,內卡小館,115
內卡小館,無敵蛋餅,108
無敵蛋餅,內卡小館,108
內卡小館,包子饅頭,107
包子饅頭,內卡小館,107
內卡小館,花茶大師,104
花茶大師,內卡小館,104
內卡小館,鬼島漢堡,71
鬼島漢堡,內卡小館,71
內卡小館,雞排車,67
雞排車,內卡小館,67
內卡小館,一億園,73
一億園,內卡小館,73
內卡小館,夏克奶茶,76
夏克奶茶,內卡小館,76
內卡小館,東東生鮮手工大水餃,82
東東生鮮手工大水餃,內卡小館,82
內卡小館,美味王,94
美味王,內卡小館,94
內卡小館,滿食記燒肉丼飯,98
滿食記燒肉丼飯,內卡小館,98
內卡小館,Enf-健康輕食餐,95
Enf-健康輕食餐,內卡小館,95
內卡小館,饌食園,92
饌食園,內卡小館,92
內卡小館,香恬園,109
香恬園,內卡小館,109
內卡小館,宵夜屋自助餐,108
宵夜屋自助餐,內卡小館,108
內卡小館,來來炒飯,106
來來炒飯,內卡小館,106
內卡小館,喬慧素食,106
喬慧素食,內卡小館,106
內卡小館,來客,53
來客,內卡小館,53
內卡小館,真功夫蔥抓餅,54
真功夫蔥抓餅,內卡小館,54
內卡小館,傻師傅湯包,40
傻師傅湯包,內卡小館,40
內卡小館,早安美芝城中壢活力中央,17
早安美芝城中壢活力中央,內卡小館,17
內卡小館,京城韓式湯飯,10
京城韓式湯飯,內卡小館,10
內卡小館,吉米熊新點子早午餐,84
吉米熊新點子早午餐,內卡小館,84
內卡小館,鴻樂,105
鴻樂,內卡小館,105
內卡小館,雞師父醬汁照燒雞排,49
雞師父醬汁照燒雞排,內卡小館,49
內卡小館,燈丫腳湯包車,45
燈丫腳湯包車,內卡小館,45
內卡小館,Ticket Toast 提齊熱壓吐司,54
Ticket Toast 提齊熱壓吐司,內卡小館,54
內卡小館,Main蛋,111
Main蛋,內卡小館,111
燒餅窯,瑞麟美而美,29
瑞麟美而美,燒餅窯,29
燒餅窯,小豬滷味,51
小豬滷味,燒餅窯,51
燒餅窯,微笑轉角,58
微笑轉角,燒餅窯,58
燒餅窯,霸王,64
霸王,燒餅窯,64
燒餅窯,咖哩老師,71
咖哩老師,燒餅窯,71
燒餅窯,山頂洞人,75
山頂洞人,燒餅窯,75
燒餅窯,小惡魔,82
小惡魔,燒餅窯,82
燒餅窯,粥王,90
粥王,燒餅窯,90
燒餅窯,銀河炒飯,92
銀河炒飯,燒餅窯,92
燒餅窯,一品鍋,111
一品鍋,燒餅窯,111
燒餅窯,無敵蛋餅,105
無敵蛋餅,燒餅窯,105
燒餅窯,包子饅頭,104
包子饅頭,燒餅窯,104
燒餅窯,花茶大師,101
花茶大師,燒餅窯,101
燒餅窯,鬼島漢堡,66
鬼島漢堡,燒餅窯,66
燒餅窯,雞排車,62
雞排車,燒餅窯,62
燒餅窯,一億園,69
一億園,燒餅窯,69
燒餅窯,夏克奶茶,72
夏克奶茶,燒餅窯,72
燒餅窯,東東生鮮手工大水餃,78
東東生鮮手工大水餃,燒餅窯,78
燒餅窯,美味王,90
美味王,燒餅窯,90
燒餅窯,滿食記燒肉丼飯,95
滿食記燒肉丼飯,燒餅窯,95
燒餅窯,Enf-健康輕食餐,92
Enf-健康輕食餐,燒餅窯,92
燒餅窯,饌食園,88
饌食園,燒餅窯,88
燒餅窯,香恬園,106
香恬園,燒餅窯,106
燒餅窯,宵夜屋自助餐,104
宵夜屋自助餐,燒餅窯,104
燒餅窯,來來炒飯,102
來來炒飯,燒餅窯,102
燒餅窯,喬慧素食,103
喬慧素食,燒餅窯,103
燒餅窯,來客,50
來客,燒餅窯,50
燒餅窯,真功夫蔥抓餅,52
真功夫蔥抓餅,燒餅窯,52
燒餅窯,傻師傅湯包,35
傻師傅湯包,燒餅窯,35
燒餅窯,早安美芝城中壢活力中央,12
早安美芝城中壢活力中央,燒餅窯,12
燒餅窯,京城韓式湯飯,10
京城韓式湯飯,燒餅窯,10
燒餅窯,吉米熊新點子早午餐,91
吉米熊新點子早午餐,燒餅窯,91
燒餅窯,鴻樂,112
鴻樂,燒餅窯,112
燒餅窯,雞師父醬汁照燒雞排,44
雞師父醬汁照燒雞排,燒餅窯,44
燒餅窯,燈丫腳湯包車,40
燈丫腳湯包車,燒餅窯,40
燒餅窯,Ticket Toast 提齊熱壓吐司,49
Ticket Toast 提齊熱壓吐司,燒餅窯,49
燒餅窯,Main蛋,107
Main蛋,燒餅窯,107
瑞麟美而美,小豬滷味,22
小豬滷味,瑞麟美而美,22
瑞麟美而美,微笑轉角,29
微笑轉角,瑞麟美而美,29
瑞麟美而美,霸王,35
霸王,瑞麟美而美,35
瑞麟美而美,咖哩老師,42
咖哩老師,瑞麟美而美,42
瑞麟美而美,山頂洞人,47
山頂洞人,瑞麟美而美,47
瑞麟美而美,小惡魔,55
小惡魔,瑞麟美而美,55
瑞麟美而美,粥王,63
粥王,瑞麟美而美,63
瑞麟美而美,銀河炒飯,64
銀河炒飯,瑞麟美而美,64
瑞麟美而美,一品鍋,84
一品鍋,瑞麟美而美,84
瑞麟美而美,無敵蛋餅,79
無敵蛋餅,瑞麟美而美,79
瑞麟美而美,包子饅頭,78
包子饅頭,瑞麟美而美,78
瑞麟美而美,花茶大師,75
花茶大師,瑞麟美而美,75
瑞麟美而美,鬼島漢堡,38
鬼島漢堡,瑞麟美而美,38
瑞麟美而美,雞排車,34
雞排車,瑞麟美而美,34
瑞麟美而美,一億園,41
一億園,瑞麟美而美,41
瑞麟美而美,夏克奶茶,45
夏克奶茶,瑞麟美而美,45
瑞麟美而美,東東生鮮手工大水餃,52
東東生鮮手工大水餃,瑞麟美而美,52
瑞麟美而美,美味王,62
美味王,瑞麟美而美,62
瑞麟美而美,滿食記燒肉丼飯,68
滿食記燒肉丼飯,瑞麟美而美,68
瑞麟美而美,Enf-健康輕食餐,65
Enf-健康輕食餐,瑞麟美而美,65
瑞麟美而美,饌食園,62
饌食園,瑞麟美而美,62
瑞麟美而美,香恬園,78
香恬園,瑞麟美而美,78
瑞麟美而美,宵夜屋自助餐,77
宵夜屋自助餐,瑞麟美而美,77
瑞麟美而美,來來炒飯,75
來來炒飯,瑞麟美而美,75
瑞麟美而美,喬慧素食,75
喬慧素食,瑞麟美而美,75
瑞麟美而美,來客,29
來客,瑞麟美而美,29
瑞麟美而美,真功夫蔥抓餅,33
真功夫蔥抓餅,瑞麟美而美,33
瑞麟美而美,傻師傅湯包,12
傻師傅湯包,瑞麟美而美,12
瑞麟美而美,早安美芝城中壢活力中央,16
早安美芝城中壢活力中央,瑞麟美而美,16
瑞麟美而美,京城韓式湯飯,36
京城韓式湯飯,瑞麟美而美,36
瑞麟美而美,吉米熊新點子早午餐,111
吉米熊新點子早午餐,瑞麟美而美,111
瑞麟美而美,雞師父醬汁照燒雞排,16
雞師父醬汁照燒雞排,瑞麟美而美,16
瑞麟美而美,燈丫腳湯包車,15
燈丫腳湯包車,瑞麟美而美,15
瑞麟美而美,Ticket Toast 提齊熱壓吐司,20
Ticket Toast 提齊熱壓吐司,瑞麟美而美,20
瑞麟美而美,Main蛋,80
Main蛋,瑞麟美而美,80
小豬滷味,微笑轉角,10
微笑轉角,小豬滷味,10
小豬滷味,霸王,12
霸王,小豬滷味,12
小豬滷味,咖哩老師,20
咖哩老師,小豬滷味,20
小豬滷味,山頂洞人,25
山頂洞人,小豬滷味,25
小豬滷味,小惡魔,33
小惡魔,小豬滷味,33
小豬滷味,粥王,42
粥王,小豬滷味,42
小豬滷味,銀河炒飯,43
銀河炒飯,小豬滷味,43
小豬滷味,一品鍋,64
一品鍋,小豬滷味,64
小豬滷味,無敵蛋餅,60
無敵蛋餅,小豬滷味,60
小豬滷味,包子饅頭,59
包子饅頭,小豬滷味,59
小豬滷味,花茶大師,56
花茶大師,小豬滷味,56
小豬滷味,鬼島漢堡,18
鬼島漢堡,小豬滷味,18
小豬滷味,雞排車,13
雞排車,小豬滷味,13
小豬滷味,一億園,22
一億園,小豬滷味,22
小豬滷味,夏克奶茶,26
夏克奶茶,小豬滷味,26
小豬滷味,東東生鮮手工大水餃,32
東東生鮮手工大水餃,小豬滷味,32
小豬滷味,美味王,41
美味王,小豬滷味,41
小豬滷味,滿食記燒肉丼飯,49
滿食記燒肉丼飯,小豬滷味,49
小豬滷味,Enf-健康輕食餐,46
Enf-健康輕食餐,小豬滷味,46
小豬滷味,饌食園,43
饌食園,小豬滷味,43
小豬滷味,香恬園,58
香恬園,小豬滷味,58
小豬滷味,宵夜屋自助餐,56
宵夜屋自助餐,小豬滷味,56
小豬滷味,來來炒飯,55
來來炒飯,小豬滷味,55
小豬滷味,喬慧素食,54
喬慧素食,小豬滷味,54
小豬滷味,來客,25
來客,小豬滷味,25
小豬滷味,真功夫蔥抓餅,29
真功夫蔥抓餅,小豬滷味,29
小豬滷味,傻師傅湯包,19
傻師傅湯包,小豬滷味,19
小豬滷味,早安美芝城中壢活力中央,39
早安美芝城中壢活力中央,小豬滷味,39
小豬滷味,京城韓式湯飯,59
京城韓式湯飯,小豬滷味,59
小豬滷味,雞師父醬汁照燒雞排,10
雞師父醬汁照燒雞排,小豬滷味,10
小豬滷味,燈丫腳湯包車,15
燈丫腳湯包車,小豬滷味,15
小豬滷味,Ticket Toast 提齊熱壓吐司,10
Ticket Toast 提齊熱壓吐司,小豬滷味,10
小豬滷味,Main蛋,59
Main蛋,小豬滷味,59
微笑轉角,霸王,10
霸王,微笑轉角,10
微笑轉角,咖哩老師,15
咖哩老師,微笑轉角,15
微笑轉角,山頂洞人,20
山頂洞人,微笑轉角,20
微笑轉角,小惡魔,28
小惡魔,微笑轉角,28
微笑轉角,粥王,37
粥王,微笑轉角,37
微笑轉角,銀河炒飯,38
銀河炒飯,微笑轉角,38
微笑轉角,一品鍋,58
一品鍋,微笑轉角,58
微笑轉角,無敵蛋餅,56
無敵蛋餅,微笑轉角,56
微笑轉角,包子饅頭,55
包子饅頭,微笑轉角,55
微笑轉角,花茶大師,52
花茶大師,微笑轉角,52
微笑轉角,鬼島漢堡,14
鬼島漢堡,微笑轉角,14
微笑轉角,雞排車,10
雞排車,微笑轉角,10
微笑轉角,一億園,18
一億園,微笑轉角,18
微笑轉角,夏克奶茶,22
夏克奶茶,微笑轉角,22
微笑轉角,東東生鮮手工大水餃,29
東東生鮮手工大水餃,微笑轉角,29
微笑轉角,美味王,36
美味王,微笑轉角,36
微笑轉角,滿食記燒肉丼飯,45
滿食記燒肉丼飯,微笑轉角,45
微笑轉角,Enf-健康輕食餐,42
Enf-健康輕食餐,微笑轉角,42
微笑轉角,饌食園,39
饌食園,微笑轉角,39
微笑轉角,香恬園,52
香恬園,微笑轉角,52
微笑轉角,宵夜屋自助餐,51
宵夜屋自助餐,微笑轉角,51
微笑轉角,來來炒飯,50
來來炒飯,微笑轉角,50
微笑轉角,喬慧素食,49
喬慧素食,微笑轉角,49
微笑轉角,來客,28
來客,微笑轉角,28
微笑轉角,真功夫蔥抓餅,32
真功夫蔥抓餅,微笑轉角,32
微笑轉角,傻師傅湯包,26
傻師傅湯包,微笑轉角,26
微笑轉角,早安美芝城中壢活力中央,46
早安美芝城中壢活力中央,微笑轉角,46
微笑轉角,京城韓式湯飯,66
京城韓式湯飯,微笑轉角,66
微笑轉角,雞師父醬汁照燒雞排,14
雞師父醬汁照燒雞排,微笑轉角,14
微笑轉角,燈丫腳湯包車,21
燈丫腳湯包車,微笑轉角,21
微笑轉角,Ticket Toast 提齊熱壓吐司,10
Ticket Toast 提齊熱壓吐司,微笑轉角,10
微笑轉角,Main蛋,54
Main蛋,微笑轉角,54
霸王,咖哩老師,10
咖哩老師,霸王,10
霸王,山頂洞人,13
山頂洞人,霸王,13
霸王,小惡魔,21
小惡魔,霸王,21
霸王,粥王,30
粥王,霸王,30
霸王,銀河炒飯,31
銀河炒飯,霸王,31
霸王,一品鍋,51
一品鍋,霸王,51
霸王,無敵蛋餅,49
無敵蛋餅,霸王,49
霸王,包子饅頭,48
包子饅頭,霸王,48
霸王,花茶大師,45
花茶大師,霸王,45
霸王,鬼島漢堡,10
鬼島漢堡,霸王,10
霸王,雞排車,10
雞排車,霸王,10
霸王,一億園,12
一億園,霸王,12
霸王,夏克奶茶,15
夏克奶茶,霸王,15
霸王,東東生鮮手工大水餃,21
東東生鮮手工大水餃,霸王,21
霸王,美味王,29
美味王,霸王,29
霸王,滿食記燒肉丼飯,38
滿食記燒肉丼飯,霸王,38
霸王,Enf-健康輕食餐,35
Enf-健康輕食餐,霸王,35
霸王,饌食園,31
饌食園,霸王,31
霸王,香恬園,45
香恬園,霸王,45
霸王,宵夜屋自助餐,43
宵夜屋自助餐,霸王,43
霸王,來來炒飯,42
來來炒飯,霸王,42
霸王,喬慧素食,42
喬慧素食,霸王,42
霸王,來客,28
來客,霸王,28
霸王,真功夫蔥抓餅,31
真功夫蔥抓餅,霸王,31
霸王,傻師傅湯包,30
傻師傅湯包,霸王,30
霸王,早安美芝城中壢活力中央,51
早安美芝城中壢活力中央,霸王,51
霸王,京城韓式湯飯,72
京城韓式湯飯,霸王,72
霸王,雞師父醬汁照燒雞排,19
雞師父醬汁照燒雞排,霸王,19
霸王,燈丫腳湯包車,25
燈丫腳湯包車,霸王,25
霸王,Ticket Toast 提齊熱壓吐司,14
Ticket Toast 提齊熱壓吐司,霸王,14
霸王,Main蛋,46
Main蛋,霸王,46
咖哩老師,山頂洞人,10
山頂洞人,咖哩老師,10
咖哩老師,小惡魔,13
小惡魔,咖哩老師,13
咖哩老師,粥王,22
粥王,咖哩老師,22
咖哩老師,銀河炒飯,23
銀河炒飯,咖哩老師,23
咖哩老師,一品鍋,43
一品鍋,咖哩老師,43
咖哩老師,無敵蛋餅,41
無敵蛋餅,咖哩老師,41
咖哩老師,包子饅頭,40
包子饅頭,咖哩老師,40
咖哩老師,花茶大師,37
花茶大師,咖哩老師,37
咖哩老師,鬼島漢堡,10
鬼島漢堡,咖哩老師,10
咖哩老師,雞排車,10
雞排車,咖哩老師,10
咖哩老師,一億園,10
一億園,咖哩老師,10
咖哩老師,夏克奶茶,10
夏克奶茶,咖哩老師,10
咖哩老師,東東生鮮手工大水餃,15
東東生鮮手工大水餃,咖哩老師,15
咖哩老師,美味王,21
美味王,咖哩老師,21
咖哩老師,滿食記燒肉丼飯,31
滿食記燒肉丼飯,咖哩老師,31
咖哩老師,Enf-健康輕食餐,28
Enf-健康輕食餐,咖哩老師,28
咖哩老師,饌食園,24
饌食園,咖哩老師,24
咖哩老師,香恬園,37
香恬園,咖哩老師,37
咖哩老師,宵夜屋自助餐,35
宵夜屋自助餐,咖哩老師,35
咖哩老師,來來炒飯,34
來來炒飯,咖哩老師,34
咖哩老師,喬慧素食,34
喬慧素食,咖哩老師,34
咖哩老師,來客,30
來客,咖哩老師,30
咖哩老師,真功夫蔥抓餅,33
真功夫蔥抓餅,咖哩老師,33
咖哩老師,傻師傅湯包,36
傻師傅湯包,咖哩老師,36
咖哩老師,早安美芝城中壢活力中央,58
早安美芝城中壢活力中央,咖哩老師,58
咖哩老師,京城韓式湯飯,79
京城韓式湯飯,咖哩老師,79
咖哩老師,雞師父醬汁照燒雞排,26
雞師父醬汁照燒雞排,咖哩老師,26
咖哩老師,燈丫腳湯包車,31
燈丫腳湯包車,咖哩老師,31
咖哩老師,Ticket Toast 提齊熱壓吐司,22
Ticket Toast 提齊熱壓吐司,咖哩老師,22
咖哩老師,Main蛋,38
Main蛋,咖哩老師,38
山頂洞人,小惡魔,10
小惡魔,山頂洞人,10
山頂洞人,粥王,17
粥王,山頂洞人,17
山頂洞人,銀河炒飯,18
銀河炒飯,山頂洞人,18
山頂洞人,一品鍋,38
一品鍋,山頂洞人,38
山頂洞人,無敵蛋餅,36
無敵蛋餅,山頂洞人,36
山頂洞人,包子饅頭,35
包子饅頭,山頂洞人,35
山頂洞人,花茶大師,32
花茶大師,山頂洞人,32
山頂洞人,鬼島漢堡,10
鬼島漢堡,山頂洞人,10
山頂洞人,雞排車,12
雞排車,山頂洞人,12
山頂洞人,一億園,10
一億園,山頂洞人,10
山頂洞人,夏克奶茶,10
夏克奶茶,山頂洞人,10
山頂洞人,東東生鮮手工大水餃,10
東東生鮮手工大水餃,山頂洞人,10
山頂洞人,美味王,16
美味王,山頂洞人,16
山頂洞人,滿食記燒肉丼飯,26
滿食記燒肉丼飯,山頂洞人,26
山頂洞人,Enf-健康輕食餐,23
Enf-健康輕食餐,山頂洞人,23
山頂洞人,饌食園,19
饌食園,山頂洞人,19
山頂洞人,香恬園,32
香恬園,山頂洞人,32
山頂洞人,宵夜屋自助餐,30
宵夜屋自助餐,山頂洞人,30
山頂洞人,來來炒飯,29
來來炒飯,山頂洞人,29
山頂洞人,喬慧素食,29
喬慧素食,山頂洞人,29
山頂洞人,來客,32
來客,山頂洞人,32
山頂洞人,真功夫蔥抓餅,34
真功夫蔥抓餅,山頂洞人,34
山頂洞人,傻師傅湯包,40
傻師傅湯包,山頂洞人,40
山頂洞人,早安美芝城中壢活力中央,63
早安美芝城中壢活力中央,山頂洞人,63
山頂洞人,京城韓式湯飯,83
京城韓式湯飯,山頂洞人,83
山頂洞人,雞師父醬汁照燒雞排,31
雞師父醬汁照燒雞排,山頂洞人,31
山頂洞人,燈丫腳湯包車,34
燈丫腳湯包車,山頂洞人,34
山頂洞人,Ticket Toast 提齊熱壓吐司,26
Ticket Toast 提齊熱壓吐司,山頂洞人,26
山頂洞人,Main蛋,33
Main蛋,山頂洞人,33
小惡魔,粥王,10
粥王,小惡魔,10
小惡魔,銀河炒飯,10
銀河炒飯,小惡魔,10
小惡魔,一品鍋,30
一品鍋,小惡魔,30
小惡魔,無敵蛋餅,28
無敵蛋餅,小惡魔,28
小惡魔,包子饅頭,27
包子饅頭,小惡魔,27
小惡魔,花茶大師,24
花茶大師,小惡魔,24
小惡魔,鬼島漢堡,16
鬼島漢堡,小惡魔,16
小惡魔,雞排車,20
雞排車,小惡魔,20
小惡魔,一億園,13
一億園,小惡魔,13
小惡魔,夏克奶茶,10
夏克奶茶,小惡魔,10
小惡魔,東東生鮮手工大水餃,10
東東生鮮手工大水餃,小惡魔,10
小惡魔,美味王,10
美味王,小惡魔,10
小惡魔,滿食記燒肉丼飯,18
滿食記燒肉丼飯,小惡魔,18
小惡魔,Enf-健康輕食餐,15
Enf-健康輕食餐,小惡魔,15
小惡魔,饌食園,12
饌食園,小惡魔,12
小惡魔,香恬園,24
香恬園,小惡魔,24
小惡魔,宵夜屋自助餐,22
宵夜屋自助餐,小惡魔,22
小惡魔,來來炒飯,21
來來炒飯,小惡魔,21
小惡魔,喬慧素食,21
喬慧素食,小惡魔,21
小惡魔,來客,37
來客,小惡魔,37
小惡魔,真功夫蔥抓餅,38
真功夫蔥抓餅,小惡魔,38
小惡魔,傻師傅湯包,47
傻師傅湯包,小惡魔,47
小惡魔,早安美芝城中壢活力中央,70
早安美芝城中壢活力中央,小惡魔,70
小惡魔,京城韓式湯飯,91
京城韓式湯飯,小惡魔,91
小惡魔,雞師父醬汁照燒雞排,38
雞師父醬汁照燒雞排,小惡魔,38
小惡魔,燈丫腳湯包車,42
燈丫腳湯包車,小惡魔,42
小惡魔,Ticket Toast 提齊熱壓吐司,34
Ticket Toast 提齊熱壓吐司,小惡魔,34
小惡魔,Main蛋,25
Main蛋,小惡魔,25
粥王,銀河炒飯,10
銀河炒飯,粥王,10
粥王,一品鍋,21
一品鍋,粥王,21
粥王,無敵蛋餅,19
無敵蛋餅,粥王,19
粥王,包子饅頭,18
包子饅頭,粥王,18
粥王,花茶大師,16
花茶大師,粥王,16
粥王,鬼島漢堡,24
鬼島漢堡,粥王,24
粥王,雞排車,29
雞排車,粥王,29
粥王,一億園,21
一億園,粥王,21
粥王,夏克奶茶,17
夏克奶茶,粥王,17
粥王,東東生鮮手工大水餃,12
東東生鮮手工大水餃,粥王,12
粥王,美味王,10
美味王,粥王,10
粥王,滿食記燒肉丼飯,10
滿食記燒肉丼飯,粥王,10
粥王,Enf-健康輕食餐,10
Enf-健康輕食餐,粥王,10
粥王,饌食園,10
饌食園,粥王,10
粥王,香恬園,15
香恬園,粥王,15
粥王,宵夜屋自助餐,13
宵夜屋自助餐,粥王,13
粥王,來來炒飯,12
來來炒飯,粥王,12
粥王,喬慧素食,12
喬慧素食,粥王,12
粥王,來客,43
來客,粥王,43
粥王,真功夫蔥抓餅,44
真功夫蔥抓餅,粥王,44
粥王,傻師傅湯包,54
傻師傅湯包,粥王,54
粥王,早安美芝城中壢活力中央,78
早安美芝城中壢活力中央,粥王,78
粥王,京城韓式湯飯,99
京城韓式湯飯,粥王,99
粥王,雞師父醬汁照燒雞排,47
雞師父醬汁照燒雞排,粥王,47
粥王,燈丫腳湯包車,49
燈丫腳湯包車,粥王,49
粥王,Ticket Toast 提齊熱壓吐司,43
Ticket Toast 提齊熱壓吐司,粥王,43
粥王,Main蛋,16
Main蛋,粥王,16
銀河炒飯,一品鍋,20
一品鍋,銀河炒飯,20
銀河炒飯,無敵蛋餅,19
無敵蛋餅,銀河炒飯,19
銀河炒飯,包子饅頭,18
包子饅頭,銀河炒飯,18
銀河炒飯,花茶大師,16
花茶大師,銀河炒飯,16
銀河炒飯,鬼島漢堡,25
鬼島漢堡,銀河炒飯,25
銀河炒飯,雞排車,30
雞排車,銀河炒飯,30
銀河炒飯,一億園,22
一億園,銀河炒飯,22
銀河炒飯,夏克奶茶,19
夏克奶茶,銀河炒飯,19
銀河炒飯,東東生鮮手工大水餃,13
東東生鮮手工大水餃,銀河炒飯,13
銀河炒飯,美味王,10
美味王,銀河炒飯,10
銀河炒飯,滿食記燒肉丼飯,11
滿食記燒肉丼飯,銀河炒飯,11
銀河炒飯,Enf-健康輕食餐,10
Enf-健康輕食餐,銀河炒飯,10
銀河炒飯,饌食園,10
饌食園,銀河炒飯,10
銀河炒飯,香恬園,14
香恬園,銀河炒飯,14
銀河炒飯,宵夜屋自助餐,12
宵夜屋自助餐,銀河炒飯,12
銀河炒飯,來來炒飯,11
來來炒飯,銀河炒飯,11
銀河炒飯,喬慧素食,11
喬慧素食,銀河炒飯,11
銀河炒飯,來客,44
來客,銀河炒飯,44
銀河炒飯,真功夫蔥抓餅,45
真功夫蔥抓餅,銀河炒飯,45
銀河炒飯,傻師傅湯包,56
傻師傅湯包,銀河炒飯,56
銀河炒飯,早安美芝城中壢活力中央,80
早安美芝城中壢活力中央,銀河炒飯,80
銀河炒飯,京城韓式湯飯,100
京城韓式湯飯,銀河炒飯,100
銀河炒飯,雞師父醬汁照燒雞排,48
雞師父醬汁照燒雞排,銀河炒飯,48
銀河炒飯,燈丫腳湯包車,51
燈丫腳湯包車,銀河炒飯,51
銀河炒飯,Ticket Toast 提齊熱壓吐司,44
Ticket Toast 提齊熱壓吐司,銀河炒飯,44
銀河炒飯,Main蛋,15
Main蛋,銀河炒飯,15
一品鍋,無敵蛋餅,12
無敵蛋餅,一品鍋,12
一品鍋,包子饅頭,12
包子饅頭,一品鍋,12
一品鍋,花茶大師,13
花茶大師,一品鍋,13
一品鍋,鬼島漢堡,46
鬼島漢堡,一品鍋,46
一品鍋,雞排車,50
雞排車,一品鍋,50
一品鍋,一億園,42
一億園,一品鍋,42
一品鍋,夏克奶茶,39
夏克奶茶,一品鍋,39
一品鍋,東東生鮮手工大水餃,32
東東生鮮手工大水餃,一品鍋,32
一品鍋,美味王,22
美味王,一品鍋,22
一品鍋,滿食記燒肉丼飯,18
滿食記燒肉丼飯,一品鍋,18
一品鍋,Enf-健康輕食餐,20
Enf-健康輕食餐,一品鍋,20
一品鍋,饌食園,23
饌食園,一品鍋,23
一品鍋,香恬園,10
香恬園,一品鍋,10
一品鍋,宵夜屋自助餐,10
宵夜屋自助餐,一品鍋,10
一品鍋,來來炒飯,10
來來炒飯,一品鍋,10
一品鍋,喬慧素食,10
喬慧素食,一品鍋,10
一品鍋,來客,63
來客,一品鍋,63
一品鍋,真功夫蔥抓餅,62
真功夫蔥抓餅,一品鍋,62
一品鍋,傻師傅湯包,75
傻師傅湯包,一品鍋,75
一品鍋,早安美芝城中壢活力中央,99
早安美芝城中壢活力中央,一品鍋,99
一品鍋,京城韓式湯飯,120
京城韓式湯飯,一品鍋,120
一品鍋,雞師父醬汁照燒雞排,68
雞師父醬汁照燒雞排,一品鍋,68
一品鍋,燈丫腳湯包車,70
燈丫腳湯包車,一品鍋,70
一品鍋,Ticket Toast 提齊熱壓吐司,65
Ticket Toast 提齊熱壓吐司,一品鍋,65
一品鍋,Main蛋,10
Main蛋,一品鍋,10
無敵蛋餅,包子饅頭,10
包子饅頭,無敵蛋餅,10
無敵蛋餅,花茶大師,10
花茶大師,無敵蛋餅,10
無敵蛋餅,鬼島漢堡,42
鬼島漢堡,無敵蛋餅,42
無敵蛋餅,雞排車,46
雞排車,無敵蛋餅,46
無敵蛋餅,一億園,38
一億園,無敵蛋餅,38
無敵蛋餅,夏克奶茶,34
夏克奶茶,無敵蛋餅,34
無敵蛋餅,東東生鮮手工大水餃,27
東東生鮮手工大水餃,無敵蛋餅,27
無敵蛋餅,美味王,21
美味王,無敵蛋餅,21
無敵蛋餅,滿食記燒肉丼飯,10
滿食記燒肉丼飯,無敵蛋餅,10
無敵蛋餅,Enf-健康輕食餐,13
Enf-健康輕食餐,無敵蛋餅,13
無敵蛋餅,饌食園,17
饌食園,無敵蛋餅,17
無敵蛋餅,香恬園,11
香恬園,無敵蛋餅,11
無敵蛋餅,宵夜屋自助餐,11
宵夜屋自助餐,無敵蛋餅,11
無敵蛋餅,來來炒飯,11
來來炒飯,無敵蛋餅,11
無敵蛋餅,喬慧素食,12
喬慧素食,無敵蛋餅,12
無敵蛋餅,來客,54
來客,無敵蛋餅,54
無敵蛋餅,真功夫蔥抓餅,54
真功夫蔥抓餅,無敵蛋餅,54
無敵蛋餅,傻師傅湯包,69
傻師傅湯包,無敵蛋餅,69
無敵蛋餅,早安美芝城中壢活力中央,93
早安美芝城中壢活力中央,無敵蛋餅,93
無敵蛋餅,京城韓式湯飯,113
京城韓式湯飯,無敵蛋餅,113
無敵蛋餅,雞師父醬汁照燒雞排,63
雞師父醬汁照燒雞排,無敵蛋餅,63
無敵蛋餅,燈丫腳湯包車,64
燈丫腳湯包車,無敵蛋餅,64
無敵蛋餅,Ticket Toast 提齊熱壓吐司,60
Ticket Toast 提齊熱壓吐司,無敵蛋餅,60
無敵蛋餅,Main蛋,12
Main蛋,無敵蛋餅,12
包子饅頭,花茶大師,10
花茶大師,包子饅頭,10
包子饅頭,鬼島漢堡,41
鬼島漢堡,包子饅頭,41
包子饅頭,雞排車,45
雞排車,包子饅頭,45
包子饅頭,一億園,37
一億園,包子饅頭,37
包子饅頭,夏克奶茶,33
夏克奶茶,包子饅頭,33
包子饅頭,東東生鮮手工大水餃,26
東東生鮮手工大水餃,包子饅頭,26
包子饅頭,美味王,20
美味王,包子饅頭,20
包子饅頭,滿食記燒肉丼飯,10
滿食記燒肉丼飯,包子饅頭,10
包子饅頭,Enf-健康輕食餐,12
Enf-健康輕食餐,包子饅頭,12
包子饅頭,饌食園,16
饌食園,包子饅頭,16
包子饅頭,香恬園,11
香恬園,包子饅頭,11
包子饅頭,宵夜屋自助餐,11
宵夜屋自助餐,包子饅頭,11
包子饅頭,來來炒飯,10
來來炒飯,包子饅頭,10
包子饅頭,喬慧素食,11
喬慧素食,包子饅頭,11
包子饅頭,來客,54
來客,包子饅頭,54
包子饅頭,真功夫蔥抓餅,53
真功夫蔥抓餅,包子饅頭,53
包子饅頭,傻師傅湯包,68
傻師傅湯包,包子饅頭,68
包子饅頭,早安美芝城中壢活力中央,92
早安美芝城中壢活力中央,包子饅頭,92
包子饅頭,京城韓式湯飯,112
京城韓式湯飯,包子饅頭,112
包子饅頭,雞師父醬汁照燒雞排,62
雞師父醬汁照燒雞排,包子饅頭,62
包子饅頭,燈丫腳湯包車,63
燈丫腳湯包車,包子饅頭,63
包子饅頭,Ticket Toast 提齊熱壓吐司,59
Ticket Toast 提齊熱壓吐司,包子饅頭,59
包子饅頭,Main蛋,12
Main蛋,包子饅頭,12
花茶大師,鬼島漢堡,38
鬼島漢堡,花茶大師,38
花茶大師,雞排車,43
雞排車,花茶大師,43
花茶大師,一億園,34
一億園,花茶大師,34
花茶大師,夏克奶茶,30
夏克奶茶,花茶大師,30
花茶大師,東東生鮮手工大水餃,23
東東生鮮手工大水餃,花茶大師,23
花茶大師,美味王,18
美味王,花茶大師,18
花茶大師,滿食記燒肉丼飯,10
滿食記燒肉丼飯,花茶大師,10
花茶大師,Enf-健康輕食餐,10
Enf-健康輕食餐,花茶大師,10
花茶大師,饌食園,13
饌食園,花茶大師,13
花茶大師,香恬園,11
香恬園,花茶大師,11
花茶大師,宵夜屋自助餐,10
宵夜屋自助餐,花茶大師,10
花茶大師,來來炒飯,10
來來炒飯,花茶大師,10
花茶大師,喬慧素食,10
喬慧素食,花茶大師,10
花茶大師,來客,51
來客,花茶大師,51
花茶大師,真功夫蔥抓餅,50
真功夫蔥抓餅,花茶大師,50
花茶大師,傻師傅湯包,65
傻師傅湯包,花茶大師,65
花茶大師,早安美芝城中壢活力中央,89
早安美芝城中壢活力中央,花茶大師,89
花茶大師,京城韓式湯飯,110
京城韓式湯飯,花茶大師,110
花茶大師,雞師父醬汁照燒雞排,60
雞師父醬汁照燒雞排,花茶大師,60
花茶大師,燈丫腳湯包車,61
燈丫腳湯包車,花茶大師,61
花茶大師,Ticket Toast 提齊熱壓吐司,56
Ticket Toast 提齊熱壓吐司,花茶大師,56
花茶大師,Main蛋,12
Main蛋,花茶大師,12
鬼島漢堡,雞排車,10
雞排車,鬼島漢堡,10
鬼島漢堡,一億園,10
一億園,鬼島漢堡,10
鬼島漢堡,夏克奶茶,10
夏克奶茶,鬼島漢堡,10
鬼島漢堡,東東生鮮手工大水餃,14
東東生鮮手工大水餃,鬼島漢堡,14
鬼島漢堡,美味王,23
美味王,鬼島漢堡,23
鬼島漢堡,滿食記燒肉丼飯,31
滿食記燒肉丼飯,鬼島漢堡,31
鬼島漢堡,Enf-健康輕食餐,28
Enf-健康輕食餐,鬼島漢堡,28
鬼島漢堡,饌食園,24
饌食園,鬼島漢堡,24
鬼島漢堡,香恬園,40
香恬園,鬼島漢堡,40
鬼島漢堡,宵夜屋自助餐,38
宵夜屋自助餐,鬼島漢堡,38
鬼島漢堡,來來炒飯,37
來來炒飯,鬼島漢堡,37
鬼島漢堡,喬慧素食,37
喬慧素食,鬼島漢堡,37
鬼島漢堡,來客,24
來客,鬼島漢堡,24
鬼島漢堡,真功夫蔥抓餅,27
真功夫蔥抓餅,鬼島漢堡,27
鬼島漢堡,傻師傅湯包,31
傻師傅湯包,鬼島漢堡,31
鬼島漢堡,早安美芝城中壢活力中央,54
早安美芝城中壢活力中央,鬼島漢堡,54
鬼島漢堡,京城韓式湯飯,75
京城韓式湯飯,鬼島漢堡,75
鬼島漢堡,雞師父醬汁照燒雞排,22
雞師父醬汁照燒雞排,鬼島漢堡,22
鬼島漢堡,燈丫腳湯包車,25
燈丫腳湯包車,鬼島漢堡,25
鬼島漢堡,Ticket Toast 提齊熱壓吐司,18
Ticket Toast 提齊熱壓吐司,鬼島漢堡,18
鬼島漢堡,Main蛋,41
Main蛋,鬼島漢堡,41
雞排車,一億園,10
一億園,雞排車,10
雞排車,夏克奶茶,12
夏克奶茶,雞排車,12
雞排車,東東生鮮手工大水餃,19
東東生鮮手工大水餃,雞排車,19
雞排車,美味王,28
美味王,雞排車,28
雞排車,滿食記燒肉丼飯,36
滿食記燒肉丼飯,雞排車,36
雞排車,Enf-健康輕食餐,33
Enf-健康輕食餐,雞排車,33
雞排車,饌食園,29
饌食園,雞排車,29
雞排車,香恬園,44
香恬園,雞排車,44
雞排車,宵夜屋自助餐,42
宵夜屋自助餐,雞排車,42
雞排車,來來炒飯,41
來來炒飯,雞排車,41
雞排車,喬慧素食,41
喬慧素食,雞排車,41
雞排車,來客,23
來客,雞排車,23
雞排車,真功夫蔥抓餅,26
真功夫蔥抓餅,雞排車,26
雞排車,傻師傅湯包,27
傻師傅湯包,雞排車,27
雞排車,早安美芝城中壢活力中央,50
早安美芝城中壢活力中央,雞排車,50
雞排車,京城韓式湯飯,71
京城韓式湯飯,雞排車,71
雞排車,雞師父醬汁照燒雞排,18
雞師父醬汁照燒雞排,雞排車,18
雞排車,燈丫腳湯包車,22
燈丫腳湯包車,雞排車,22
雞排車,Ticket Toast 提齊熱壓吐司,14
Ticket Toast 提齊熱壓吐司,雞排車,14
雞排車,Main蛋,46
Main蛋,雞排車,46
一億園,夏克奶茶,10
夏克奶茶,一億園,10
一億園,東東生鮮手工大水餃,10
東東生鮮手工大水餃,一億園,10
一億園,美味王,21
美味王,一億園,21
一億園,滿食記燒肉丼飯,27
滿食記燒肉丼飯,一億園,27
一億園,Enf-健康輕食餐,24
Enf-健康輕食餐,一億園,24
一億園,饌食園,20
饌食園,一億園,20
一億園,香恬園,37
香恬園,一億園,37
一億園,宵夜屋自助餐,35
宵夜屋自助餐,一億園,35
一億園,來來炒飯,34
來來炒飯,一億園,34
一億園,喬慧素食,33
喬慧素食,一億園,33
一億園,來客,24
來客,一億園,24
一億園,真功夫蔥抓餅,26
真功夫蔥抓餅,一億園,26
一億園,傻師傅湯包,33
傻師傅湯包,一億園,33
一億園,早安美芝城中壢活力中央,57
早安美芝城中壢活力中央,一億園,57
一億園,京城韓式湯飯,77
京城韓式湯飯,一億園,77
一億園,雞師父醬汁照燒雞排,25
雞師父醬汁照燒雞排,一億園,25
一億園,燈丫腳湯包車,28
燈丫腳湯包車,一億園,28
一億園,Ticket Toast 提齊熱壓吐司,22
Ticket Toast 提齊熱壓吐司,一億園,22
一億園,Main蛋,38
Main蛋,一億園,38
夏克奶茶,東東生鮮手工大水餃,10
東東生鮮手工大水餃,夏克奶茶,10
夏克奶茶,美味王,17
美味王,夏克奶茶,17
夏克奶茶,滿食記燒肉丼飯,23
滿食記燒肉丼飯,夏克奶茶,23
夏克奶茶,Enf-健康輕食餐,20
Enf-健康輕食餐,夏克奶茶,20
夏克奶茶,饌食園,17
饌食園,夏克奶茶,17
夏克奶茶,香恬園,33
香恬園,夏克奶茶,33
夏克奶茶,宵夜屋自助餐,31
宵夜屋自助餐,夏克奶茶,31
夏克奶茶,來來炒飯,30
來來炒飯,夏克奶茶,30
夏克奶茶,喬慧素食,30
喬慧素食,夏克奶茶,30
夏克奶茶,來客,26
來客,夏克奶茶,26
夏克奶茶,真功夫蔥抓餅,28
真功夫蔥抓餅,夏克奶茶,28
夏克奶茶,傻師傅湯包,36
傻師傅湯包,夏克奶茶,36
夏克奶茶,早安美芝城中壢活力中央,60
早安美芝城中壢活力中央,夏克奶茶,60
夏克奶茶,京城韓式湯飯,81
京城韓式湯飯,夏克奶茶,81
夏克奶茶,雞師父醬汁照燒雞排,29
雞師父醬汁照燒雞排,夏克奶茶,29
夏克奶茶,燈丫腳湯包車,31
燈丫腳湯包車,夏克奶茶,31
夏克奶茶,Ticket Toast 提齊熱壓吐司,26
Ticket Toast 提齊熱壓吐司,夏克奶茶,26
夏克奶茶,Main蛋,34
Main蛋,夏克奶茶,34
東東生鮮手工大水餃,美味王,12
美味王,東東生鮮手工大水餃,12
東東生鮮手工大水餃,滿食記燒肉丼飯,17
滿食記燒肉丼飯,東東生鮮手工大水餃,17
東東生鮮手工大水餃,Enf-健康輕食餐,14
Enf-健康輕食餐,東東生鮮手工大水餃,14
東東生鮮手工大水餃,饌食園,10
饌食園,東東生鮮手工大水餃,10
東東生鮮手工大水餃,香恬園,27
香恬園,東東生鮮手工大水餃,27
東東生鮮手工大水餃,宵夜屋自助餐,25
宵夜屋自助餐,東東生鮮手工大水餃,25
東東生鮮手工大水餃,來來炒飯,24
來來炒飯,東東生鮮手工大水餃,24
東東生鮮手工大水餃,喬慧素食,24
喬慧素食,東東生鮮手工大水餃,24
東東生鮮手工大水餃,來客,31
來客,東東生鮮手工大水餃,31
東東生鮮手工大水餃,真功夫蔥抓餅,32
真功夫蔥抓餅,東東生鮮手工大水餃,32
東東生鮮手工大水餃,傻師傅湯包,42
傻師傅湯包,東東生鮮手工大水餃,42
東東生鮮手工大水餃,早安美芝城中壢活力中央,67
早安美芝城中壢活力中央,東東生鮮手工大水餃,67
東東生鮮手工大水餃,京城韓式湯飯,87
京城韓式湯飯,東東生鮮手工大水餃,87
東東生鮮手工大水餃,雞師父醬汁照燒雞排,36
雞師父醬汁照燒雞排,東東生鮮手工大水餃,36
東東生鮮手工大水餃,燈丫腳湯包車,38
燈丫腳湯包車,東東生鮮手工大水餃,38
東東生鮮手工大水餃,Ticket Toast 提齊熱壓吐司,32
Ticket Toast 提齊熱壓吐司,東東生鮮手工大水餃,32
東東生鮮手工大水餃,Main蛋,28
Main蛋,東東生鮮手工大水餃,28
美味王,滿食記燒肉丼飯,12
滿食記燒肉丼飯,美味王,12
美味王,Enf-健康輕食餐,11
Enf-健康輕食餐,美味王,11
美味王,饌食園,10
饌食園,美味王,10
美味王,香恬園,16
香恬園,美味王,16
美味王,宵夜屋自助餐,14
宵夜屋自助餐,美味王,14
美味王,來來炒飯,13
來來炒飯,美味王,13
美味王,喬慧素食,13
喬慧素食,美味王,13
美味王,來客,43
來客,美味王,43
美味王,真功夫蔥抓餅,44
真功夫蔥抓餅,美味王,44
美味王,傻師傅湯包,54
傻師傅湯包,美味王,54
美味王,早安美芝城中壢活力中央,78
早安美芝城中壢活力中央,美味王,78
美味王,京城韓式湯飯,98
京城韓式湯飯,美味王,98
美味王,雞師父醬汁照燒雞排,46
雞師父醬汁照燒雞排,美味王,46
美味王,燈丫腳湯包車,49
燈丫腳湯包車,美味王,49
美味王,Ticket Toast 提齊熱壓吐司,42
Ticket Toast 提齊熱壓吐司,美味王,42
美味王,Main蛋,17
Main蛋,美味王,17
滿食記燒肉丼飯,Enf-健康輕食餐,10
Enf-健康輕食餐,滿食記燒肉丼飯,10
滿食記燒肉丼飯,饌食園,10
饌食園,滿食記燒肉丼飯,10
滿食記燒肉丼飯,香恬園,13
香恬園,滿食記燒肉丼飯,13
滿食記燒肉丼飯,宵夜屋自助餐,12
宵夜屋自助餐,滿食記燒肉丼飯,12
滿食記燒肉丼飯,來來炒飯,10
來來炒飯,滿食記燒肉丼飯,10
滿食記燒肉丼飯,喬慧素食,11
喬慧素食,滿食記燒肉丼飯,11
滿食記燒肉丼飯,來客,45
來客,滿食記燒肉丼飯,45
滿食記燒肉丼飯,真功夫蔥抓餅,44
真功夫蔥抓餅,滿食記燒肉丼飯,44
滿食記燒肉丼飯,傻師傅湯包,59
傻師傅湯包,滿食記燒肉丼飯,59
滿食記燒肉丼飯,早安美芝城中壢活力中央,83
早安美芝城中壢活力中央,滿食記燒肉丼飯,83
滿食記燒肉丼飯,京城韓式湯飯,103
京城韓式湯飯,滿食記燒肉丼飯,103
滿食記燒肉丼飯,雞師父醬汁照燒雞排,53
雞師父醬汁照燒雞排,滿食記燒肉丼飯,53
滿食記燒肉丼飯,燈丫腳湯包車,54
燈丫腳湯包車,滿食記燒肉丼飯,54
滿食記燒肉丼飯,Ticket Toast 提齊熱壓吐司,50
Ticket Toast 提齊熱壓吐司,滿食記燒肉丼飯,50
滿食記燒肉丼飯,Main蛋,15
Main蛋,滿食記燒肉丼飯,15
熱浪島南洋蔬食茶堂,阿米玲食堂,96
阿米玲食堂,熱浪島南洋蔬食茶堂,96
熱浪島南洋蔬食茶堂,樂活堡,94
樂活堡,熱浪島南洋蔬食茶堂,94
熱浪島南洋蔬食茶堂,八方雲集,106
八方雲集,熱浪島南洋蔬食茶堂,106
熱浪島南洋蔬食茶堂,津知園排骨,124
津知園排骨,熱浪島南洋蔬食茶堂,124
熱浪島南洋蔬食茶堂,廚窗食坊,122
廚窗食坊,熱浪島南洋蔬食茶堂,122
熱浪島南洋蔬食茶堂,隨緣餐廳,121
隨緣餐廳,熱浪島南洋蔬食茶堂,121
熱浪島南洋蔬食茶堂,吉米熊新點子早午餐,64
吉米熊新點子早午餐,熱浪島南洋蔬食茶堂,64
熱浪島南洋蔬食茶堂,鴻樂,60
鴻樂,熱浪島南洋蔬食茶堂,60
熱浪島南洋蔬食茶堂,CASA BRASIL NCU,76
CASA BRASIL NCU,熱浪島南洋蔬食茶堂,76
熱浪島南洋蔬食茶堂,秘密基地,109
秘密基地,熱浪島南洋蔬食茶堂,109
熱浪島南洋蔬食茶堂,哈堡堡,105
哈堡堡,熱浪島南洋蔬食茶堂,105
熱浪島南洋蔬食茶堂,熟檸檬食肆,95
熟檸檬食肆,熱浪島南洋蔬食茶堂,95
熱浪島南洋蔬食茶堂,滷味居,94
滷味居,熱浪島南洋蔬食茶堂,94
熱浪島南洋蔬食茶堂,歐姆萊斯,92
歐姆萊斯,熱浪島南洋蔬食茶堂,92
熱浪島南洋蔬食茶堂,達啵廚房,92
達啵廚房,熱浪島南洋蔬食茶堂,92
熱浪島南洋蔬食茶堂,漢林大漢堡,114
漢林大漢堡,熱浪島南洋蔬食茶堂,114
熱浪島南洋蔬食茶堂,米樂義大利,113
米樂義大利,熱浪島南洋蔬食茶堂,113
熱浪島南洋蔬食茶堂,九品,110
九品,熱浪島南洋蔬食茶堂,110
熱浪島南洋蔬食茶堂,麥克小姐,111
麥克小姐,熱浪島南洋蔬食茶堂,111
熱浪島南洋蔬食茶堂,福陞紅油炒手,110
福陞紅油炒手,熱浪島南洋蔬食茶堂,110
熱浪島南洋蔬食茶堂,萊客堡早午餐,102
萊客堡早午餐,熱浪島南洋蔬食茶堂,102
熱浪島南洋蔬食茶堂,白胡子牛排館,99
白胡子牛排館,熱浪島南洋蔬食茶堂,99
熱浪島南洋蔬食茶堂,美式早餐屋,92
美式早餐屋,熱浪島南洋蔬食茶堂,92
熱浪島南洋蔬食茶堂,Daddy's美式餐廳,79
Daddy's美式餐廳,熱浪島南洋蔬食茶堂,79
熱浪島南洋蔬食茶堂,馬爾波咖啡,81
馬爾波咖啡,熱浪島南洋蔬食茶堂,81
熱浪島南洋蔬食茶堂,家鄉麵店,90
家鄉麵店,熱浪島南洋蔬食茶堂,90
熱浪島南洋蔬食茶堂,香米自助餐,87
香米自助餐,熱浪島南洋蔬食茶堂,87
熱浪島南洋蔬食茶堂,八哥重慶酸辣粉,80
八哥重慶酸辣粉,熱浪島南洋蔬食茶堂,80
熱浪島南洋蔬食茶堂,大中央厚切牛排,119
大中央厚切牛排,熱浪島南洋蔬食茶堂,119
熱浪島南洋蔬食茶堂,竹香自助餐,68
竹香自助餐,熱浪島南洋蔬食茶堂,68
熱浪島南洋蔬食茶堂,健康美食館,112
健康美食館,熱浪島南洋蔬食茶堂,112
熱浪島南洋蔬食茶堂,惟客早餐店,98
惟客早餐店,熱浪島南洋蔬食茶堂,98
熱浪島南洋蔬食茶堂,萊姆斯早午餐,96
萊姆斯早午餐,熱浪島南洋蔬食茶堂,96
阿米玲食堂,樂活堡,13
樂活堡,阿米玲食堂,13
阿米玲食堂,八方雲集,21
八方雲集,阿米玲食堂,21
阿米玲食堂,津知園排骨,34
津知園排骨,阿米玲食堂,34
阿米玲食堂,廚窗食坊,29
廚窗食坊,阿米玲食堂,29
阿米玲食堂,隨緣餐廳,46
隨緣餐廳,阿米玲食堂,46
阿米玲食堂,麥堡堡早點,48
麥堡堡早點,阿米玲食堂,48
阿米玲食堂,拉亞漢堡,85
拉亞漢堡,阿米玲食堂,85
阿米玲食堂,清心福全冷飲站,60
清心福全冷飲站,阿米玲食堂,60
阿米玲食堂,秈春坊,93
秈春坊,阿米玲食堂,93
阿米玲食堂,福泉豆花,75
福泉豆花,阿米玲食堂,75
阿米玲食堂,27秀梅,55
27秀梅,阿米玲食堂,55
阿米玲食堂,吉米熊新點子早午餐,106
吉米熊新點子早午餐,阿米玲食堂,106
阿米玲食堂,鴻樂,85
鴻樂,阿米玲食堂,85
阿米玲食堂,CASA BRASIL NCU,21
CASA BRASIL NCU,阿米玲食堂,21
阿米玲食堂,秘密基地,26
秘密基地,阿米玲食堂,26
阿米玲食堂,米豆Mido,37
米豆Mido,阿米玲食堂,37
阿米玲食堂,哈堡堡,38
哈堡堡,阿米玲食堂,38
阿米玲食堂,熟檸檬食肆,10
熟檸檬食肆,阿米玲食堂,10
阿米玲食堂,滷味居,10
滷味居,阿米玲食堂,10
阿米玲食堂,歐姆萊斯,19
歐姆萊斯,阿米玲食堂,19
阿米玲食堂,達啵廚房,29
達啵廚房,阿米玲食堂,29
阿米玲食堂,漢林大漢堡,20
漢林大漢堡,阿米玲食堂,20
阿米玲食堂,米樂義大利,23
米樂義大利,阿米玲食堂,23
阿米玲食堂,九品,24
九品,阿米玲食堂,24
阿米玲食堂,麥克小姐,32
麥克小姐,阿米玲食堂,32
阿米玲食堂,福陞紅油炒手,41
福陞紅油炒手,阿米玲食堂,41
阿米玲食堂,萊客堡早午餐,39
萊客堡早午餐,阿米玲食堂,39
阿米玲食堂,白胡子牛排館,41
白胡子牛排館,阿米玲食堂,41
阿米玲食堂,美式早餐屋,24
美式早餐屋,阿米玲食堂,24
阿米玲食堂,幸福小館,43
幸福小館,阿米玲食堂,43
阿米玲食堂,Daddy's美式餐廳,73
Daddy's美式餐廳,阿米玲食堂,73
阿米玲食堂,馬爾波咖啡,60
馬爾波咖啡,阿米玲食堂,60
阿米玲食堂,家鄉麵店,35
家鄉麵店,阿米玲食堂,35
阿米玲食堂,香米自助餐,41
香米自助餐,阿米玲食堂,41
阿米玲食堂,八哥重慶酸辣粉,64
八哥重慶酸辣粉,阿米玲食堂,64
阿米玲食堂,中壢正新明牛肉麵,51
中壢正新明牛肉麵,阿米玲食堂,51
阿米玲食堂,我家便利商店,56
我家便利商店,阿米玲食堂,56
阿米玲食堂,大中央厚切牛排,24
大中央厚切牛排,阿米玲食堂,24
阿米玲食堂,竹香自助餐,34
竹香自助餐,阿米玲食堂,34
阿米玲食堂,健康美食館,30
健康美食館,阿米玲食堂,30
阿米玲食堂,惟客早餐店,46
惟客早餐店,阿米玲食堂,46
阿米玲食堂,萊姆斯早午餐,49
萊姆斯早午餐,阿米玲食堂,49
樂活堡,八方雲集,34
八方雲集,樂活堡,34
樂活堡,津知園排骨,45
津知園排骨,樂活堡,45
樂活堡,廚窗食坊,40
廚窗食坊,樂活堡,40
樂活堡,隨緣餐廳,60
隨緣餐廳,樂活堡,60
樂活堡,麥堡堡早點,59
麥堡堡早點,樂活堡,59
樂活堡,拉亞漢堡,97
拉亞漢堡,樂活堡,97
樂活堡,清心福全冷飲站,72
清心福全冷飲站,樂活堡,72
樂活堡,秈春坊,105
秈春坊,樂活堡,105
樂活堡,福泉豆花,87
福泉豆花,樂活堡,87
樂活堡,27秀梅,67
27秀梅,樂活堡,67
樂活堡,吉米熊新點子早午餐,112
吉米熊新點子早午餐,樂活堡,112
樂活堡,鴻樂,92
鴻樂,樂活堡,92
樂活堡,CASA BRASIL NCU,27
CASA BRASIL NCU,樂活堡,27
樂活堡,秘密基地,39
秘密基地,樂活堡,39
樂活堡,米豆Mido,49
米豆Mido,樂活堡,49
樂活堡,哈堡堡,51
哈堡堡,樂活堡,51
樂活堡,熟檸檬食肆,10
熟檸檬食肆,樂活堡,10
樂活堡,滷味居,10
滷味居,樂活堡,10
樂活堡,歐姆萊斯,10
歐姆萊斯,樂活堡,10
樂活堡,達啵廚房,16
達啵廚房,樂活堡,16
樂活堡,漢林大漢堡,21
漢林大漢堡,樂活堡,21
樂活堡,米樂義大利,19
米樂義大利,樂活堡,19
樂活堡,九品,17
九品,樂活堡,17
樂活堡,麥克小姐,22
麥克小姐,樂活堡,22
樂活堡,福陞紅油炒手,29
福陞紅油炒手,樂活堡,29
樂活堡,萊客堡早午餐,25
萊客堡早午餐,樂活堡,25
樂活堡,白胡子牛排館,28
白胡子牛排館,樂活堡,28
樂活堡,美式早餐屋,11
美式早餐屋,樂活堡,11
樂活堡,幸福小館,55
幸福小館,樂活堡,55
樂活堡,Daddy's美式餐廳,61
Daddy's美式餐廳,樂活堡,61
樂活堡,馬爾波咖啡,48
馬爾波咖啡,樂活堡,48
樂活堡,家鄉麵店,22
家鄉麵店,樂活堡,22
樂活堡,香米自助餐,28
香米自助餐,樂活堡,28
樂活堡,八哥重慶酸辣粉,52
八哥重慶酸辣粉,樂活堡,52
樂活堡,中壢正新明牛肉麵,64
中壢正新明牛肉麵,樂活堡,64
樂活堡,我家便利商店,69
我家便利商店,樂活堡,69
樂活堡,大中央厚切牛排,33
大中央厚切牛排,樂活堡,33
樂活堡,竹香自助餐,40
竹香自助餐,樂活堡,40
樂活堡,健康美食館,43
健康美食館,樂活堡,43
樂活堡,惟客早餐店,33
惟客早餐店,樂活堡,33
樂活堡,萊姆斯早午餐,35
萊姆斯早午餐,樂活堡,35
八方雲集,津知園排骨,18
津知園排骨,八方雲集,18
八方雲集,廚窗食坊,16
廚窗食坊,八方雲集,16
八方雲集,隨緣餐廳,25
隨緣餐廳,八方雲集,25
八方雲集,麥堡堡早點,28
麥堡堡早點,八方雲集,28
八方雲集,拉亞漢堡,64
拉亞漢堡,八方雲集,64
八方雲集,清心福全冷飲站,39
清心福全冷飲站,八方雲集,39
八方雲集,秈春坊,72
秈春坊,八方雲集,72
八方雲集,福泉豆花,54
福泉豆花,八方雲集,54
八方雲集,27秀梅,35
27秀梅,八方雲集,35
八方雲集,吉米熊新點子早午餐,104
吉米熊新點子早午餐,八方雲集,104
八方雲集,鴻樂,83
鴻樂,八方雲集,83
八方雲集,CASA BRASIL NCU,31
CASA BRASIL NCU,八方雲集,31
八方雲集,秘密基地,10
秘密基地,八方雲集,10
八方雲集,米豆Mido,20
米豆Mido,八方雲集,20
八方雲集,哈堡堡,20
哈堡堡,八方雲集,20
八方雲集,熟檸檬食肆,25
熟檸檬食肆,八方雲集,25
八方雲集,滷味居,29
滷味居,八方雲集,29
八方雲集,歐姆萊斯,40
歐姆萊斯,八方雲集,40
八方雲集,達啵廚房,50
達啵廚房,八方雲集,50
八方雲集,漢林大漢堡,31
漢林大漢堡,八方雲集,31
八方雲集,米樂義大利,37
米樂義大利,八方雲集,37
八方雲集,九品,41
九品,八方雲集,41
八方雲集,麥克小姐,50
麥克小姐,八方雲集,50
八方雲集,福陞紅油炒手,60
福陞紅油炒手,八方雲集,60
八方雲集,萊客堡早午餐,59
萊客堡早午餐,八方雲集,59
八方雲集,白胡子牛排館,62
白胡子牛排館,八方雲集,62
八方雲集,美式早餐屋,45
美式早餐屋,八方雲集,45
八方雲集,幸福小館,25
幸福小館,八方雲集,25
八方雲集,Daddy's美式餐廳,94
Daddy's美式餐廳,八方雲集,94
八方雲集,馬爾波咖啡,82
馬爾波咖啡,八方雲集,82
八方雲集,家鄉麵店,57
家鄉麵店,八方雲集,57
八方雲集,香米自助餐,62
香米自助餐,八方雲集,62
八方雲集,八哥重慶酸辣粉,85
八哥重慶酸辣粉,八方雲集,85
八方雲集,中壢正新明牛肉麵,29
中壢正新明牛肉麵,八方雲集,29
八方雲集,我家便利商店,34
我家便利商店,八方雲集,34
八方雲集,大中央厚切牛排,18
大中央厚切牛排,八方雲集,18
八方雲集,竹香自助餐,38
竹香自助餐,八方雲集,38
八方雲集,健康美食館,10
健康美食館,八方雲集,10
八方雲集,惟客早餐店,67
惟客早餐店,八方雲集,67
八方雲集,萊姆斯早午餐,70
萊姆斯早午餐,八方雲集,70
津知園排骨,廚窗食坊,10
廚窗食坊,津知園排骨,10
津知園排骨,隨緣餐廳,24
隨緣餐廳,津知園排骨,24
津知園排骨,麥堡堡早點,14
麥堡堡早點,津知園排骨,14
津知園排骨,拉亞漢堡,53
拉亞漢堡,津知園排骨,53
津知園排骨,清心福全冷飲站,28
清心福全冷飲站,津知園排骨,28
津知園排骨,秈春坊,61
秈春坊,津知園排骨,61
津知園排骨,福泉豆花,43
福泉豆花,津知園排骨,43
津知園排骨,27秀梅,23
27秀梅,津知園排骨,23
津知園排骨,吉米熊新點子早午餐,120
吉米熊新點子早午餐,津知園排骨,120
津知園排骨,鴻樂,99
鴻樂,津知園排骨,99
津知園排骨,CASA BRASIL NCU,49
CASA BRASIL NCU,津知園排骨,49
津知園排骨,秘密基地,16
秘密基地,津知園排骨,16
津知園排骨,米豆Mido,10
米豆Mido,津知園排骨,10
津知園排骨,哈堡堡,30
哈堡堡,津知園排骨,30
津知園排骨,熟檸檬食肆,37
熟檸檬食肆,津知園排骨,37
津知園排骨,滷味居,41
滷味居,津知園排骨,41
津知園排骨,歐姆萊斯,51
歐姆萊斯,津知園排骨,51
津知園排骨,達啵廚房,60
達啵廚房,津知園排骨,60
津知園排骨,漢林大漢堡,32
漢林大漢堡,津知園排骨,32
津知園排骨,米樂義大利,39
米樂義大利,津知園排骨,39
津知園排骨,九品,44
九品,津知園排骨,44
津知園排骨,麥克小姐,53
麥克小姐,津知園排骨,53
津知園排骨,福陞紅油炒手,65
福陞紅油炒手,津知園排骨,65
津知園排骨,萊客堡早午餐,66
萊客堡早午餐,津知園排骨,66
津知園排骨,白胡子牛排館,70
白胡子牛排館,津知園排骨,70
津知園排骨,美式早餐屋,56
美式早餐屋,津知園排骨,56
津知園排骨,幸福小館,10
幸福小館,津知園排骨,10
津知園排骨,Daddy's美式餐廳,107
Daddy's美式餐廳,津知園排骨,107
津知園排骨,馬爾波咖啡,93
馬爾波咖啡,津知園排骨,93
津知園排骨,家鄉麵店,67
家鄉麵店,津知園排骨,67
津知園排骨,香米自助餐,73
香米自助餐,津知園排骨,73
津知園排骨,八哥重慶酸辣粉,97
八哥重慶酸辣粉,津知園排骨,97
津知園排骨,中壢正新明牛肉麵,25
中壢正新明牛肉麵,津知園排骨,25
津知園排骨,我家便利商店,28
我家便利商店,津知園排骨,28
津知園排骨,大中央厚切牛排,13
大中央厚切牛排,津知園排骨,13
津知園排骨,竹香自助餐,56
竹香自助餐,津知園排骨,56
津知園排骨,健康美食館,15
健康美食館,津知園排骨,15
津知園排骨,惟客早餐店,75
惟客早餐店,津知園排骨,75
津知園排骨,萊姆斯早午餐,78
萊姆斯早午餐,津知園排骨,78
廚窗食坊,隨緣餐廳,28
隨緣餐廳,廚窗食坊,28
廚窗食坊,麥堡堡早點,20
麥堡堡早點,廚窗食坊,20
廚窗食坊,拉亞漢堡,58
拉亞漢堡,廚窗食坊,58
廚窗食坊,清心福全冷飲站,33
清心福全冷飲站,廚窗食坊,33
廚窗食坊,秈春坊,67
秈春坊,廚窗食坊,67
廚窗食坊,福泉豆花,49
福泉豆花,廚窗食坊,49
廚窗食坊,27秀梅,28
27秀梅,廚窗食坊,28
廚窗食坊,吉米熊新點子早午餐,120
吉米熊新點子早午餐,廚窗食坊,120
廚窗食坊,鴻樂,99
鴻樂,廚窗食坊,99
廚窗食坊,CASA BRASIL NCU,46
CASA BRASIL NCU,廚窗食坊,46
廚窗食坊,秘密基地,16
秘密基地,廚窗食坊,16
廚窗食坊,米豆Mido,10
米豆Mido,廚窗食坊,10
廚窗食坊,哈堡堡,32
哈堡堡,廚窗食坊,32
廚窗食坊,熟檸檬食肆,32
熟檸檬食肆,廚窗食坊,32
廚窗食坊,滷味居,36
滷味居,廚窗食坊,36
廚窗食坊,歐姆萊斯,46
歐姆萊斯,廚窗食坊,46
廚窗食坊,達啵廚房,55
達啵廚房,廚窗食坊,55
廚窗食坊,漢林大漢堡,26
漢林大漢堡,廚窗食坊,26
廚窗食坊,米樂義大利,33
米樂義大利,廚窗食坊,33
廚窗食坊,九品,39
九品,廚窗食坊,39
廚窗食坊,麥克小姐,48
麥克小姐,廚窗食坊,48
廚窗食坊,福陞紅油炒手,59
福陞紅油炒手,廚窗食坊,59
廚窗食坊,萊客堡早午餐,61
萊客堡早午餐,廚窗食坊,61
廚窗食坊,白胡子牛排館,64
白胡子牛排館,廚窗食坊,64
廚窗食坊,美式早餐屋,50
美式早餐屋,廚窗食坊,50
廚窗食坊,幸福小館,16
幸福小館,廚窗食坊,16
廚窗食坊,Daddy's美式餐廳,101
Daddy's美式餐廳,廚窗食坊,101
廚窗食坊,馬爾波咖啡,88
馬爾波咖啡,廚窗食坊,88
廚窗食坊,家鄉麵店,61
家鄉麵店,廚窗食坊,61
廚窗食坊,香米自助餐,68
香米自助餐,廚窗食坊,68
廚窗食坊,八哥重慶酸辣粉,92
八哥重慶酸辣粉,廚窗食坊,92
廚窗食坊,中壢正新明牛肉麵,29
中壢正新明牛肉麵,廚窗食坊,29
廚窗食坊,我家便利商店,34
我家便利商店,廚窗食坊,34
廚窗食坊,大中央厚切牛排,10
大中央厚切牛排,廚窗食坊,10
廚窗食坊,竹香自助餐,54
竹香自助餐,廚窗食坊,54
廚窗食坊,健康美食館,17
健康美食館,廚窗食坊,17
廚窗食坊,惟客早餐店,70
惟客早餐店,廚窗食坊,70
廚窗食坊,萊姆斯早午餐,73
萊姆斯早午餐,廚窗食坊,73
隨緣餐廳,麥堡堡早點,18
麥堡堡早點,隨緣餐廳,18
隨緣餐廳,拉亞漢堡,41
拉亞漢堡,隨緣餐廳,41
隨緣餐廳,清心福全冷飲站,20
清心福全冷飲站,隨緣餐廳,20
隨緣餐廳,秈春坊,48
秈春坊,隨緣餐廳,48
隨緣餐廳,福泉豆花,32
福泉豆花,隨緣餐廳,32
隨緣餐廳,27秀梅,18
27秀梅,隨緣餐廳,18
隨緣餐廳,吉米熊新點子早午餐,104
吉米熊新點子早午餐,隨緣餐廳,104
隨緣餐廳,鴻樂,84
鴻樂,隨緣餐廳,84
隨緣餐廳,CASA BRASIL NCU,52
CASA BRASIL NCU,隨緣餐廳,52
隨緣餐廳,秘密基地,20
秘密基地,隨緣餐廳,20
隨緣餐廳,米豆Mido,21
米豆Mido,隨緣餐廳,21
隨緣餐廳,哈堡堡,15
哈堡堡,隨緣餐廳,15
隨緣餐廳,熟檸檬食肆,50
熟檸檬食肆,隨緣餐廳,50
隨緣餐廳,滷味居,55
滷味居,隨緣餐廳,55
隨緣餐廳,歐姆萊斯,66
歐姆萊斯,隨緣餐廳,66
隨緣餐廳,達啵廚房,76
達啵廚房,隨緣餐廳,76
隨緣餐廳,漢林大漢堡,53
漢林大漢堡,隨緣餐廳,53
隨緣餐廳,米樂義大利,60
米樂義大利,隨緣餐廳,60
隨緣餐廳,九品,65
九品,隨緣餐廳,65
隨緣餐廳,麥克小姐,74
麥克小姐,隨緣餐廳,74
隨緣餐廳,福陞紅油炒手,85
福陞紅油炒手,隨緣餐廳,85
隨緣餐廳,萊客堡早午餐,84
萊客堡早午餐,隨緣餐廳,84
隨緣餐廳,白胡子牛排館,87
白胡子牛排館,隨緣餐廳,87
隨緣餐廳,美式早餐屋,71
美式早餐屋,隨緣餐廳,71
隨緣餐廳,幸福小館,19
幸福小館,隨緣餐廳,19
隨緣餐廳,Daddy's美式餐廳,119
Daddy's美式餐廳,隨緣餐廳,119
隨緣餐廳,馬爾波咖啡,107
馬爾波咖啡,隨緣餐廳,107
隨緣餐廳,家鄉麵店,82
家鄉麵店,隨緣餐廳,82
隨緣餐廳,香米自助餐,87
香米自助餐,隨緣餐廳,87
隨緣餐廳,八哥重慶酸辣粉,110
八哥重慶酸辣粉,隨緣餐廳,110
隨緣餐廳,中壢正新明牛肉麵,10
中壢正新明牛肉麵,隨緣餐廳,10
隨緣餐廳,我家便利商店,10
我家便利商店,隨緣餐廳,10
隨緣餐廳,大中央厚切牛排,36
大中央厚切牛排,隨緣餐廳,36
隨緣餐廳,竹香自助餐,53
竹香自助餐,隨緣餐廳,53
隨緣餐廳,健康美食館,16
健康美食館,隨緣餐廳,16
隨緣餐廳,惟客早餐店,92
惟客早餐店,隨緣餐廳,92
隨緣餐廳,萊姆斯早午餐,95
萊姆斯早午餐,隨緣餐廳,95
麥堡堡早點,拉亞漢堡,38
拉亞漢堡,麥堡堡早點,38
麥堡堡早點,清心福全冷飲站,13
清心福全冷飲站,麥堡堡早點,13
麥堡堡早點,秈春坊,46
秈春坊,麥堡堡早點,46
麥堡堡早點,福泉豆花,28
福泉豆花,麥堡堡早點,28
麥堡堡早點,27秀梅,10
27秀梅,麥堡堡早點,10
麥堡堡早點,吉米熊新點子早午餐,122
吉米熊新點子早午餐,麥堡堡早點,122
麥堡堡早點,鴻樂,101
鴻樂,麥堡堡早點,101
麥堡堡早點,CASA BRASIL NCU,60
CASA BRASIL NCU,麥堡堡早點,60
麥堡堡早點,秘密基地,24
秘密基地,麥堡堡早點,24
麥堡堡早點,米豆Mido,10
米豆Mido,麥堡堡早點,10
麥堡堡早點,哈堡堡,31
哈堡堡,麥堡堡早點,31
麥堡堡早點,熟檸檬食肆,51
熟檸檬食肆,麥堡堡早點,51
麥堡堡早點,滷味居,55
滷味居,麥堡堡早點,55
麥堡堡早點,歐姆萊斯,65
歐姆萊斯,麥堡堡早點,65
麥堡堡早點,達啵廚房,75
達啵廚房,麥堡堡早點,75
麥堡堡早點,漢林大漢堡,47
漢林大漢堡,麥堡堡早點,47
麥堡堡早點,米樂義大利,54
米樂義大利,麥堡堡早點,54
麥堡堡早點,九品,59
九品,麥堡堡早點,59
麥堡堡早點,麥克小姐,68
麥克小姐,麥堡堡早點,68
麥堡堡早點,福陞紅油炒手,80
福陞紅油炒手,麥堡堡早點,80
麥堡堡早點,萊客堡早午餐,81
萊客堡早午餐,麥堡堡早點,81
麥堡堡早點,白胡子牛排館,85
白胡子牛排館,麥堡堡早點,85
麥堡堡早點,美式早餐屋,70
美式早餐屋,麥堡堡早點,70
麥堡堡早點,幸福小館,10
幸福小館,麥堡堡早點,10
麥堡堡早點,Daddy's美式餐廳,121
Daddy's美式餐廳,麥堡堡早點,121
麥堡堡早點,馬爾波咖啡,108
馬爾波咖啡,麥堡堡早點,108
麥堡堡早點,家鄉麵店,81
家鄉麵店,麥堡堡早點,81
麥堡堡早點,香米自助餐,88
香米自助餐,麥堡堡早點,88
麥堡堡早點,八哥重慶酸辣粉,111
八哥重慶酸辣粉,麥堡堡早點,111
麥堡堡早點,中壢正新明牛肉麵,15
中壢正新明牛肉麵,麥堡堡早點,15
麥堡堡早點,我家便利商店,17
我家便利商店,麥堡堡早點,17
麥堡堡早點,大中央厚切牛排,28
大中央厚切牛排,麥堡堡早點,28
麥堡堡早點,竹香自助餐,65
竹香自助餐,麥堡堡早點,65
麥堡堡早點,健康美食館,21
健康美食館,麥堡堡早點,21
麥堡堡早點,惟客早餐店,90
惟客早餐店,麥堡堡早點,90
麥堡堡早點,萊姆斯早午餐,93
萊姆斯早午餐,麥堡堡早點,93
拉亞漢堡,清心福全冷飲站,25
清心福全冷飲站,拉亞漢堡,25
拉亞漢堡,秈春坊,10
秈春坊,拉亞漢堡,10
拉亞漢堡,福泉豆花,10
福泉豆花,拉亞漢堡,10
拉亞漢堡,27秀梅,30
27秀梅,拉亞漢堡,30
拉亞漢堡,鴻樂,116
鴻樂,拉亞漢堡,116
拉亞漢堡,CASA BRASIL NCU,93
CASA BRASIL NCU,拉亞漢堡,93
拉亞漢堡,秘密基地,59
秘密基地,拉亞漢堡,59
拉亞漢堡,米豆Mido,49
米豆Mido,拉亞漢堡,49
拉亞漢堡,哈堡堡,56
哈堡堡,拉亞漢堡,56
拉亞漢堡,熟檸檬食肆,89
熟檸檬食肆,拉亞漢堡,89
拉亞漢堡,滷味居,93
滷味居,拉亞漢堡,93
拉亞漢堡,歐姆萊斯,103
歐姆萊斯,拉亞漢堡,103
拉亞漢堡,達啵廚房,113
達啵廚房,拉亞漢堡,113
拉亞漢堡,漢林大漢堡,85
漢林大漢堡,拉亞漢堡,85
拉亞漢堡,米樂義大利,92
米樂義大利,拉亞漢堡,92
拉亞漢堡,九品,98
九品,拉亞漢堡,98
拉亞漢堡,麥克小姐,107
麥克小姐,拉亞漢堡,107
拉亞漢堡,福陞紅油炒手,118
福陞紅油炒手,拉亞漢堡,118
拉亞漢堡,萊客堡早午餐,119
萊客堡早午餐,拉亞漢堡,119
拉亞漢堡,白胡子牛排館,123
白胡子牛排館,拉亞漢堡,123
拉亞漢堡,美式早餐屋,108
美式早餐屋,拉亞漢堡,108
拉亞漢堡,幸福小館,42
幸福小館,拉亞漢堡,42
拉亞漢堡,家鄉麵店,119
家鄉麵店,拉亞漢堡,119
拉亞漢堡,中壢正新明牛肉麵,35
中壢正新明牛肉麵,拉亞漢堡,35
拉亞漢堡,我家便利商店,30
我家便利商店,拉亞漢堡,30
拉亞漢堡,大中央厚切牛排,67
大中央厚切牛排,拉亞漢堡,67
拉亞漢堡,竹香自助餐,94
竹香自助餐,拉亞漢堡,94
拉亞漢堡,健康美食館,55
健康美食館,拉亞漢堡,55
清心福全冷飲站,秈春坊,33
秈春坊,清心福全冷飲站,33
清心福全冷飲站,福泉豆花,15
福泉豆花,清心福全冷飲站,15
清心福全冷飲站,27秀梅,10
27秀梅,清心福全冷飲站,10
清心福全冷飲站,吉米熊新點子早午餐,123
吉米熊新點子早午餐,清心福全冷飲站,123
清心福全冷飲站,鴻樂,104
鴻樂,清心福全冷飲站,104
清心福全冷飲站,CASA BRASIL NCU,70
CASA BRASIL NCU,清心福全冷飲站,70
清心福全冷飲站,秘密基地,35
秘密基地,清心福全冷飲站,35
清心福全冷飲站,米豆Mido,24
米豆Mido,清心福全冷飲站,24
清心福全冷飲站,哈堡堡,36
哈堡堡,清心福全冷飲站,36
清心福全冷飲站,熟檸檬食肆,64
熟檸檬食肆,清心福全冷飲站,64
清心福全冷飲站,滷味居,68
滷味居,清心福全冷飲站,68
清心福全冷飲站,歐姆萊斯,78
歐姆萊斯,清心福全冷飲站,78
清心福全冷飲站,達啵廚房,88
達啵廚房,清心福全冷飲站,88
清心福全冷飲站,漢林大漢堡,60
漢林大漢堡,清心福全冷飲站,60
清心福全冷飲站,米樂義大利,67
米樂義大利,清心福全冷飲站,67
清心福全冷飲站,九品,73
九品,清心福全冷飲站,73
清心福全冷飲站,麥克小姐,82
麥克小姐,清心福全冷飲站,82
清心福全冷飲站,福陞紅油炒手,93
福陞紅油炒手,清心福全冷飲站,93
清心福全冷飲站,萊客堡早午餐,94
萊客堡早午餐,清心福全冷飲站,94
清心福全冷飲站,白胡子牛排館,98
白胡子牛排館,清心福全冷飲站,98
清心福全冷飲站,美式早餐屋,83
美式早餐屋,清心福全冷飲站,83
清心福全冷飲站,幸福小館,17
幸福小館,清心福全冷飲站,17
清心福全冷飲站,馬爾波咖啡,121
馬爾波咖啡,清心福全冷飲站,121
清心福全冷飲站,家鄉麵店,94
家鄉麵店,清心福全冷飲站,94
清心福全冷飲站,香米自助餐,100
香米自助餐,清心福全冷飲站,100
清心福全冷飲站,八哥重慶酸辣粉,124
八哥重慶酸辣粉,清心福全冷飲站,124
清心福全冷飲站,中壢正新明牛肉麵,14
中壢正新明牛肉麵,清心福全冷飲站,14
清心福全冷飲站,我家便利商店,11
我家便利商店,清心福全冷飲站,11
清心福全冷飲站,大中央厚切牛排,42
大中央厚切牛排,清心福全冷飲站,42
清心福全冷飲站,竹香自助餐,72
竹香自助餐,清心福全冷飲站,72
清心福全冷飲站,健康美食館,31
健康美食館,清心福全冷飲站,31
清心福全冷飲站,惟客早餐店,103
惟客早餐店,清心福全冷飲站,103
清心福全冷飲站,萊姆斯早午餐,107
萊姆斯早午餐,清心福全冷飲站,107
秈春坊,福泉豆花,18
福泉豆花,秈春坊,18
秈春坊,27秀梅,38
27秀梅,秈春坊,38
秈春坊,鴻樂,121
鴻樂,秈春坊,121
秈春坊,CASA BRASIL NCU,100
CASA BRASIL NCU,秈春坊,100
秈春坊,秘密基地,67
秘密基地,秈春坊,67
秈春坊,米豆Mido,57
米豆Mido,秈春坊,57
秈春坊,哈堡堡,63
哈堡堡,秈春坊,63
秈春坊,熟檸檬食肆,97
熟檸檬食肆,秈春坊,97
秈春坊,滷味居,101
滷味居,秈春坊,101
秈春坊,歐姆萊斯,112
歐姆萊斯,秈春坊,112
秈春坊,達啵廚房,121
達啵廚房,秈春坊,121
秈春坊,漢林大漢堡,93
漢林大漢堡,秈春坊,93
秈春坊,米樂義大利,100
米樂義大利,秈春坊,100
秈春坊,九品,106
九品,秈春坊,106
秈春坊,麥克小姐,115
麥克小姐,秈春坊,115
秈春坊,美式早餐屋,116
美式早餐屋,秈春坊,116
秈春坊,幸福小館,51
幸福小館,秈春坊,51
秈春坊,中壢正新明牛肉麵,43
中壢正新明牛肉麵,秈春坊,43
秈春坊,我家便利商店,38
我家便利商店,秈春坊,38
秈春坊,大中央厚切牛排,75
大中央厚切牛排,秈春坊,75
秈春坊,竹香自助餐,100
竹香自助餐,秈春坊,100
秈春坊,健康美食館,63
健康美食館,秈春坊,63
福泉豆花,27秀梅,20
27秀梅,福泉豆花,20
福泉豆花,鴻樂,111
鴻樂,福泉豆花,111
福泉豆花,CASA BRASIL NCU,84
CASA BRASIL NCU,福泉豆花,84
福泉豆花,秘密基地,49
秘密基地,福泉豆花,49
福泉豆花,米豆Mido,39
米豆Mido,福泉豆花,39
福泉豆花,哈堡堡,48
哈堡堡,福泉豆花,48
福泉豆花,熟檸檬食肆,79
熟檸檬食肆,福泉豆花,79
福泉豆花,滷味居,83
滷味居,福泉豆花,83
福泉豆花,歐姆萊斯,93
歐姆萊斯,福泉豆花,93
福泉豆花,達啵廚房,103
達啵廚房,福泉豆花,103
福泉豆花,漢林大漢堡,75
漢林大漢堡,福泉豆花,75
福泉豆花,米樂義大利,82
米樂義大利,福泉豆花,82
福泉豆花,九品,88
九品,福泉豆花,88
福泉豆花,麥克小姐,97
麥克小姐,福泉豆花,97
福泉豆花,福陞紅油炒手,108
福陞紅油炒手,福泉豆花,108
福泉豆花,萊客堡早午餐,110
萊客堡早午餐,福泉豆花,110
福泉豆花,白胡子牛排館,113
白胡子牛排館,福泉豆花,113
福泉豆花,美式早餐屋,98
美式早餐屋,福泉豆花,98
福泉豆花,幸福小館,33
幸福小館,福泉豆花,33
福泉豆花,家鄉麵店,110
家鄉麵店,福泉豆花,110
福泉豆花,香米自助餐,116
香米自助餐,福泉豆花,116
福泉豆花,中壢正新明牛肉麵,26
中壢正新明牛肉麵,福泉豆花,26
福泉豆花,我家便利商店,21
我家便利商店,福泉豆花,21
福泉豆花,大中央厚切牛排,57
大中央厚切牛排,福泉豆花,57
福泉豆花,竹香自助餐,85
竹香自助餐,福泉豆花,85
福泉豆花,健康美食館,45
健康美食館,福泉豆花,45
福泉豆花,惟客早餐店,119
惟客早餐店,福泉豆花,119
福泉豆花,萊姆斯早午餐,122
萊姆斯早午餐,福泉豆花,122
27秀梅,吉米熊新點子早午餐,122
吉米熊新點子早午餐,27秀梅,122
27秀梅,鴻樂,102
鴻樂,27秀梅,102
27秀梅,CASA BRASIL NCU,66
CASA BRASIL NCU,27秀梅,66
27秀梅,秘密基地,30
秘密基地,27秀梅,30
27秀梅,米豆Mido,19
米豆Mido,27秀梅,19
27秀梅,哈堡堡,33
哈堡堡,27秀梅,33
27秀梅,熟檸檬食肆,59
熟檸檬食肆,27秀梅,59
27秀梅,滷味居,63
滷味居,27秀梅,63
27秀梅,歐姆萊斯,73
歐姆萊斯,27秀梅,73
27秀梅,達啵廚房,83
達啵廚房,27秀梅,83
27秀梅,漢林大漢堡,55
漢林大漢堡,27秀梅,55
27秀梅,米樂義大利,62
米樂義大利,27秀梅,62
27秀梅,九品,68
九品,27秀梅,68
27秀梅,麥克小姐,77
麥克小姐,27秀梅,77
27秀梅,福陞紅油炒手,88
福陞紅油炒手,27秀梅,88
27秀梅,萊客堡早午餐,89
萊客堡早午餐,27秀梅,89
27秀梅,白胡子牛排館,93
白胡子牛排館,27秀梅,93
27秀梅,美式早餐屋,78
美式早餐屋,27秀梅,78
27秀梅,幸福小館,12
幸福小館,27秀梅,12
27秀梅,馬爾波咖啡,116
馬爾波咖啡,27秀梅,116
27秀梅,家鄉麵店,89
家鄉麵店,27秀梅,89
27秀梅,香米自助餐,96
香米自助餐,27秀梅,96
27秀梅,八哥重慶酸辣粉,119
八哥重慶酸辣粉,27秀梅,119
27秀梅,中壢正新明牛肉麵,12
中壢正新明牛肉麵,27秀梅,12
27秀梅,我家便利商店,12
我家便利商店,27秀梅,12
27秀梅,大中央厚切牛排,37
大中央厚切牛排,27秀梅,37
27秀梅,竹香自助餐,69
竹香自助餐,27秀梅,69
27秀梅,健康美食館,27
健康美食館,27秀梅,27
27秀梅,惟客早餐店,98
惟客早餐店,27秀梅,98
27秀梅,萊姆斯早午餐,102
萊姆斯早午餐,27秀梅,102
Enf-健康輕食餐,饌食園,10
饌食園,Enf-健康輕食餐,10
Enf-健康輕食餐,香恬園,15
香恬園,Enf-健康輕食餐,15
Enf-健康輕食餐,宵夜屋自助餐,13
宵夜屋自助餐,Enf-健康輕食餐,13
Enf-健康輕食餐,來來炒飯,12
來來炒飯,Enf-健康輕食餐,12
Enf-健康輕食餐,喬慧素食,13
喬慧素食,Enf-健康輕食餐,13
Enf-健康輕食餐,來客,42
來客,Enf-健康輕食餐,42
Enf-健康輕食餐,真功夫蔥抓餅,42
真功夫蔥抓餅,Enf-健康輕食餐,42
Enf-健康輕食餐,傻師傅湯包,56
傻師傅湯包,Enf-健康輕食餐,56
Enf-健康輕食餐,早安美芝城中壢活力中央,80
早安美芝城中壢活力中央,Enf-健康輕食餐,80
Enf-健康輕食餐,京城韓式湯飯,100
京城韓式湯飯,Enf-健康輕食餐,100
Enf-健康輕食餐,雞師父醬汁照燒雞排,50
雞師父醬汁照燒雞排,Enf-健康輕食餐,50
Enf-健康輕食餐,燈丫腳湯包車,51
燈丫腳湯包車,Enf-健康輕食餐,51
Enf-健康輕食餐,Ticket Toast 提齊熱壓吐司,47
Ticket Toast 提齊熱壓吐司,Enf-健康輕食餐,47
Enf-健康輕食餐,Main蛋,16
Main蛋,Enf-健康輕食餐,16
饌食園,香恬園,18
香恬園,饌食園,18
饌食園,宵夜屋自助餐,16
宵夜屋自助餐,饌食園,16
饌食園,來來炒飯,15
來來炒飯,饌食園,15
饌食園,喬慧素食,15
喬慧素食,饌食園,15
饌食園,來客,39
來客,饌食園,39
饌食園,真功夫蔥抓餅,39
真功夫蔥抓餅,饌食園,39
饌食園,傻師傅湯包,52
傻師傅湯包,饌食園,52
饌食園,早安美芝城中壢活力中央,76
早安美芝城中壢活力中央,饌食園,76
饌食園,京城韓式湯飯,97
京城韓式湯飯,饌食園,97
饌食園,雞師父醬汁照燒雞排,46
雞師父醬汁照燒雞排,饌食園,46
饌食園,燈丫腳湯包車,47
燈丫腳湯包車,饌食園,47
饌食園,Ticket Toast 提齊熱壓吐司,43
Ticket Toast 提齊熱壓吐司,饌食園,43
饌食園,Main蛋,19
Main蛋,饌食園,19
香恬園,宵夜屋自助餐,10
宵夜屋自助餐,香恬園,10
香恬園,來來炒飯,10
來來炒飯,香恬園,10
香恬園,喬慧素食,10
喬慧素食,香恬園,10
香恬園,來客,57
來客,香恬園,57
香恬園,真功夫蔥抓餅,57
真功夫蔥抓餅,香恬園,57
香恬園,傻師傅湯包,70
傻師傅湯包,香恬園,70
香恬園,早安美芝城中壢活力中央,94
早安美芝城中壢活力中央,香恬園,94
香恬園,京城韓式湯飯,114
京城韓式湯飯,香恬園,114
香恬園,雞師父醬汁照燒雞排,62
雞師父醬汁照燒雞排,香恬園,62
香恬園,燈丫腳湯包車,65
燈丫腳湯包車,香恬園,65
香恬園,Ticket Toast 提齊熱壓吐司,59
Ticket Toast 提齊熱壓吐司,香恬園,59
香恬園,Main蛋,10
Main蛋,香恬園,10
宵夜屋自助餐,來來炒飯,10
來來炒飯,宵夜屋自助餐,10
宵夜屋自助餐,喬慧素食,10
喬慧素食,宵夜屋自助餐,10
宵夜屋自助餐,來客,55
來客,宵夜屋自助餐,55
宵夜屋自助餐,真功夫蔥抓餅,55
真功夫蔥抓餅,宵夜屋自助餐,55
宵夜屋自助餐,傻師傅湯包,68
傻師傅湯包,宵夜屋自助餐,68
宵夜屋自助餐,早安美芝城中壢活力中央,92
早安美芝城中壢活力中央,宵夜屋自助餐,92
宵夜屋自助餐,京城韓式湯飯,112
京城韓式湯飯,宵夜屋自助餐,112
宵夜屋自助餐,雞師父醬汁照燒雞排,61
雞師父醬汁照燒雞排,宵夜屋自助餐,61
宵夜屋自助餐,燈丫腳湯包車,63
燈丫腳湯包車,宵夜屋自助餐,63
宵夜屋自助餐,Ticket Toast 提齊熱壓吐司,57
Ticket Toast 提齊熱壓吐司,宵夜屋自助餐,57
宵夜屋自助餐,Main蛋,10
Main蛋,宵夜屋自助餐,10
來來炒飯,喬慧素食,10
喬慧素食,來來炒飯,10
來來炒飯,來客,54
來客,來來炒飯,54
來來炒飯,真功夫蔥抓餅,54
真功夫蔥抓餅,來來炒飯,54
來來炒飯,傻師傅湯包,66
傻師傅湯包,來來炒飯,66
來來炒飯,早安美芝城中壢活力中央,91
早安美芝城中壢活力中央,來來炒飯,91
來來炒飯,京城韓式湯飯,111
京城韓式湯飯,來來炒飯,111
來來炒飯,雞師父醬汁照燒雞排,59
雞師父醬汁照燒雞排,來來炒飯,59
來來炒飯,燈丫腳湯包車,62
燈丫腳湯包車,來來炒飯,62
來來炒飯,Ticket Toast 提齊熱壓吐司,56
Ticket Toast 提齊熱壓吐司,來來炒飯,56
來來炒飯,Main蛋,10
Main蛋,來來炒飯,10
喬慧素食,來客,54
來客,喬慧素食,54
喬慧素食,真功夫蔥抓餅,54
真功夫蔥抓餅,喬慧素食,54
喬慧素食,傻師傅湯包,67
傻師傅湯包,喬慧素食,67
喬慧素食,早安美芝城中壢活力中央,91
早安美芝城中壢活力中央,喬慧素食,91
喬慧素食,京城韓式湯飯,111
京城韓式湯飯,喬慧素食,111
喬慧素食,雞師父醬汁照燒雞排,59
雞師父醬汁照燒雞排,喬慧素食,59
喬慧素食,燈丫腳湯包車,62
燈丫腳湯包車,喬慧素食,62
喬慧素食,Ticket Toast 提齊熱壓吐司,55
Ticket Toast 提齊熱壓吐司,喬慧素食,55
喬慧素食,Main蛋,10
Main蛋,喬慧素食,10
來客,真功夫蔥抓餅,10
真功夫蔥抓餅,來客,10
來客,傻師傅湯包,17
傻師傅湯包,來客,17
來客,早安美芝城中壢活力中央,39
早安美芝城中壢活力中央,來客,39
來客,京城韓式湯飯,59
京城韓式湯飯,來客,59
來客,吉米熊新點子早午餐,109
吉米熊新點子早午餐,來客,109
來客,雞師父醬汁照燒雞排,20
雞師父醬汁照燒雞排,來客,20
來客,燈丫腳湯包車,15
燈丫腳湯包車,來客,15
來客,Ticket Toast 提齊熱壓吐司,22
Ticket Toast 提齊熱壓吐司,來客,22
來客,Main蛋,59
Main蛋,來客,59
真功夫蔥抓餅,傻師傅湯包,20
傻師傅湯包,真功夫蔥抓餅,20
真功夫蔥抓餅,早安美芝城中壢活力中央,42
早安美芝城中壢活力中央,真功夫蔥抓餅,42
真功夫蔥抓餅,京城韓式湯飯,61
京城韓式湯飯,真功夫蔥抓餅,61
真功夫蔥抓餅,吉米熊新點子早午餐,107
吉米熊新點子早午餐,真功夫蔥抓餅,107
真功夫蔥抓餅,鴻樂,124
鴻樂,真功夫蔥抓餅,124
真功夫蔥抓餅,雞師父醬汁照燒雞排,24
雞師父醬汁照燒雞排,真功夫蔥抓餅,24
真功夫蔥抓餅,燈丫腳湯包車,19
燈丫腳湯包車,真功夫蔥抓餅,19
真功夫蔥抓餅,Ticket Toast 提齊熱壓吐司,26
Ticket Toast 提齊熱壓吐司,真功夫蔥抓餅,26
真功夫蔥抓餅,Main蛋,59
Main蛋,真功夫蔥抓餅,59
傻師傅湯包,早安美芝城中壢活力中央,24
早安美芝城中壢活力中央,傻師傅湯包,24
傻師傅湯包,京城韓式湯飯,44
京城韓式湯飯,傻師傅湯包,44
傻師傅湯包,吉米熊新點子早午餐,108
吉米熊新點子早午餐,傻師傅湯包,108
傻師傅湯包,雞師父醬汁照燒雞排,11
雞師父醬汁照燒雞排,傻師傅湯包,11
傻師傅湯包,燈丫腳湯包車,10
燈丫腳湯包車,傻師傅湯包,10
傻師傅湯包,Ticket Toast 提齊熱壓吐司,16
Ticket Toast 提齊熱壓吐司,傻師傅湯包,16
傻師傅湯包,Main蛋,71
Main蛋,傻師傅湯包,71
早安美芝城中壢活力中央,京城韓式湯飯,20
京城韓式湯飯,早安美芝城中壢活力中央,20
早安美芝城中壢活力中央,吉米熊新點子早午餐,98
吉米熊新點子早午餐,早安美芝城中壢活力中央,98
早安美芝城中壢活力中央,鴻樂,119
鴻樂,早安美芝城中壢活力中央,119
早安美芝城中壢活力中央,雞師父醬汁照燒雞排,32
雞師父醬汁照燒雞排,早安美芝城中壢活力中央,32
早安美芝城中壢活力中央,燈丫腳湯包車,28
燈丫腳湯包車,早安美芝城中壢活力中央,28
早安美芝城中壢活力中央,Ticket Toast 提齊熱壓吐司,37
Ticket Toast 提齊熱壓吐司,早安美芝城中壢活力中央,37
早安美芝城中壢活力中央,Main蛋,95
Main蛋,早安美芝城中壢活力中央,95
京城韓式湯飯,吉米熊新點子早午餐,90
吉米熊新點子早午餐,京城韓式湯飯,90
京城韓式湯飯,鴻樂,112
鴻樂,京城韓式湯飯,112
京城韓式湯飯,雞師父醬汁照燒雞排,52
雞師父醬汁照燒雞排,京城韓式湯飯,52
京城韓式湯飯,燈丫腳湯包車,49
燈丫腳湯包車,京城韓式湯飯,49
京城韓式湯飯,Ticket Toast 提齊熱壓吐司,57
Ticket Toast 提齊熱壓吐司,京城韓式湯飯,57
京城韓式湯飯,Main蛋,116
Main蛋,京城韓式湯飯,116
吉米熊新點子早午餐,鴻樂,21
鴻樂,吉米熊新點子早午餐,21
吉米熊新點子早午餐,CASA BRASIL NCU,85
CASA BRASIL NCU,吉米熊新點子早午餐,85
吉米熊新點子早午餐,秘密基地,103
秘密基地,吉米熊新點子早午餐,103
吉米熊新點子早午餐,米豆Mido,120
米豆Mido,吉米熊新點子早午餐,120
吉米熊新點子早午餐,哈堡堡,91
哈堡堡,吉米熊新點子早午餐,91
吉米熊新點子早午餐,熟檸檬食肆,108
熟檸檬食肆,吉米熊新點子早午餐,108
吉米熊新點子早午餐,滷味居,109
滷味居,吉米熊新點子早午餐,109
吉米熊新點子早午餐,歐姆萊斯,114
歐姆萊斯,吉米熊新點子早午餐,114
吉米熊新點子早午餐,達啵廚房,120
達啵廚房,吉米熊新點子早午餐,120
吉米熊新點子早午餐,美式早餐屋,117
美式早餐屋,吉米熊新點子早午餐,117
吉米熊新點子早午餐,幸福小館,121
幸福小館,吉米熊新點子早午餐,121
吉米熊新點子早午餐,家鄉麵店,121
家鄉麵店,吉米熊新點子早午餐,121
吉米熊新點子早午餐,香米自助餐,121
香米自助餐,吉米熊新點子早午餐,121
吉米熊新點子早午餐,雞師父醬汁照燒雞排,120
雞師父醬汁照燒雞排,吉米熊新點子早午餐,120
吉米熊新點子早午餐,燈丫腳湯包車,113
燈丫腳湯包車,吉米熊新點子早午餐,113
吉米熊新點子早午餐,中壢正新明牛肉麵,109
中壢正新明牛肉麵,吉米熊新點子早午餐,109
吉米熊新點子早午餐,我家便利商店,112
我家便利商店,吉米熊新點子早午餐,112
吉米熊新點子早午餐,大中央厚切牛排,122
大中央厚切牛排,吉米熊新點子早午餐,122
吉米熊新點子早午餐,竹香自助餐,72
竹香自助餐,吉米熊新點子早午餐,72
吉米熊新點子早午餐,健康美食館,104
健康美食館,吉米熊新點子早午餐,104
鴻樂,CASA BRASIL NCU,65
CASA BRASIL NCU,鴻樂,65
鴻樂,秘密基地,82
秘密基地,鴻樂,82
鴻樂,米豆Mido,99
米豆Mido,鴻樂,99
鴻樂,哈堡堡,70
哈堡堡,鴻樂,70
鴻樂,熟檸檬食肆,87
熟檸檬食肆,鴻樂,87
鴻樂,滷味居,88
滷味居,鴻樂,88
鴻樂,歐姆萊斯,94
歐姆萊斯,鴻樂,94
鴻樂,達啵廚房,100
達啵廚房,鴻樂,100
鴻樂,漢林大漢堡,106
漢林大漢堡,鴻樂,106
鴻樂,米樂義大利,108
米樂義大利,鴻樂,108
鴻樂,九品,108
九品,鴻樂,108
鴻樂,麥克小姐,114
麥克小姐,鴻樂,114
鴻樂,福陞紅油炒手,119
福陞紅油炒手,鴻樂,119
鴻樂,萊客堡早午餐,112
萊客堡早午餐,鴻樂,112
鴻樂,白胡子牛排館,112
白胡子牛排館,鴻樂,112
鴻樂,美式早餐屋,97
美式早餐屋,鴻樂,97
鴻樂,幸福小館,100
幸福小館,鴻樂,100
鴻樂,Daddy's美式餐廳,115
Daddy's美式餐廳,鴻樂,115
鴻樂,馬爾波咖啡,109
馬爾波咖啡,鴻樂,109
鴻樂,家鄉麵店,102
家鄉麵店,鴻樂,102
鴻樂,香米自助餐,103
香米自助餐,鴻樂,103
鴻樂,八哥重慶酸辣粉,110
八哥重慶酸辣粉,鴻樂,110
鴻樂,中壢正新明牛肉麵,89
中壢正新明牛肉麵,鴻樂,89
鴻樂,我家便利商店,92
我家便利商店,鴻樂,92
鴻樂,大中央厚切牛排,100
大中央厚切牛排,鴻樂,100
鴻樂,竹香自助餐,51
竹香自助餐,鴻樂,51
鴻樂,健康美食館,83
健康美食館,鴻樂,83
鴻樂,惟客早餐店,114
惟客早餐店,鴻樂,114
鴻樂,萊姆斯早午餐,114
萊姆斯早午餐,鴻樂,114
CASA BRASIL NCU,秘密基地,35
秘密基地,CASA BRASIL NCU,35
CASA BRASIL NCU,米豆Mido,51
米豆Mido,CASA BRASIL NCU,51
CASA BRASIL NCU,哈堡堡,38
哈堡堡,CASA BRASIL NCU,38
CASA BRASIL NCU,熟檸檬食肆,22
熟檸檬食肆,CASA BRASIL NCU,22
CASA BRASIL NCU,滷味居,23
滷味居,CASA BRASIL NCU,23
CASA BRASIL NCU,歐姆萊斯,30
歐姆萊斯,CASA BRASIL NCU,30
CASA BRASIL NCU,達啵廚房,37
達啵廚房,CASA BRASIL NCU,37
CASA BRASIL NCU,漢林大漢堡,42
漢林大漢堡,CASA BRASIL NCU,42
CASA BRASIL NCU,米樂義大利,44
米樂義大利,CASA BRASIL NCU,44
CASA BRASIL NCU,九品,43
九品,CASA BRASIL NCU,43
CASA BRASIL NCU,麥克小姐,49
麥克小姐,CASA BRASIL NCU,49
CASA BRASIL NCU,福陞紅油炒手,55
福陞紅油炒手,CASA BRASIL NCU,55
CASA BRASIL NCU,萊客堡早午餐,50
萊客堡早午餐,CASA BRASIL NCU,50
CASA BRASIL NCU,白胡子牛排館,51
白胡子牛排館,CASA BRASIL NCU,51
CASA BRASIL NCU,美式早餐屋,33
美式早餐屋,CASA BRASIL NCU,33
CASA BRASIL NCU,幸福小館,56
幸福小館,CASA BRASIL NCU,56
CASA BRASIL NCU,Daddy's美式餐廳,70
Daddy's美式餐廳,CASA BRASIL NCU,70
CASA BRASIL NCU,馬爾波咖啡,59
馬爾波咖啡,CASA BRASIL NCU,59
CASA BRASIL NCU,家鄉麵店,41
家鄉麵店,CASA BRASIL NCU,41
CASA BRASIL NCU,香米自助餐,44
香米自助餐,CASA BRASIL NCU,44
CASA BRASIL NCU,八哥重慶酸辣粉,62
八哥重慶酸辣粉,CASA BRASIL NCU,62
CASA BRASIL NCU,中壢正新明牛肉麵,57
中壢正新明牛肉麵,CASA BRASIL NCU,57
CASA BRASIL NCU,我家便利商店,62
我家便利商店,CASA BRASIL NCU,62
CASA BRASIL NCU,大中央厚切牛排,43
大中央厚切牛排,CASA BRASIL NCU,43
CASA BRASIL NCU,竹香自助餐,13
竹香自助餐,CASA BRASIL NCU,13
CASA BRASIL NCU,健康美食館,38
健康美食館,CASA BRASIL NCU,38
CASA BRASIL NCU,惟客早餐店,54
惟客早餐店,CASA BRASIL NCU,54
CASA BRASIL NCU,萊姆斯早午餐,55
萊姆斯早午餐,CASA BRASIL NCU,55
秘密基地,米豆Mido,17
米豆Mido,秘密基地,17
秘密基地,哈堡堡,16
哈堡堡,秘密基地,16
秘密基地,熟檸檬食肆,30
熟檸檬食肆,秘密基地,30
秘密基地,滷味居,35
滷味居,秘密基地,35
秘密基地,歐姆萊斯,46
歐姆萊斯,秘密基地,46
秘密基地,達啵廚房,55
達啵廚房,秘密基地,55
秘密基地,漢林大漢堡,35
漢林大漢堡,秘密基地,35
秘密基地,米樂義大利,41
米樂義大利,秘密基地,41
秘密基地,九品,46
九品,秘密基地,46
秘密基地,麥克小姐,55
麥克小姐,秘密基地,55
秘密基地,福陞紅油炒手,65
福陞紅油炒手,秘密基地,65
秘密基地,萊客堡早午餐,64
萊客堡早午餐,秘密基地,64
秘密基地,白胡子牛排館,67
白胡子牛排館,秘密基地,67
秘密基地,美式早餐屋,51
美式早餐屋,秘密基地,51
秘密基地,幸福小館,21
幸福小館,秘密基地,21
秘密基地,Daddy's美式餐廳,100
Daddy's美式餐廳,秘密基地,100
秘密基地,馬爾波咖啡,87
馬爾波咖啡,秘密基地,87
秘密基地,家鄉麵店,62
家鄉麵店,秘密基地,62
秘密基地,香米自助餐,68
香米自助餐,秘密基地,68
秘密基地,八哥重慶酸辣粉,90
八哥重慶酸辣粉,秘密基地,90
秘密基地,中壢正新明牛肉麵,24
中壢正新明牛肉麵,秘密基地,24
秘密基地,我家便利商店,29
我家便利商店,秘密基地,29
秘密基地,大中央厚切牛排,20
大中央厚切牛排,秘密基地,20
秘密基地,竹香自助餐,40
竹香自助餐,秘密基地,40
秘密基地,健康美食館,10
健康美食館,秘密基地,10
秘密基地,惟客早餐店,72
惟客早餐店,秘密基地,72
秘密基地,萊姆斯早午餐,75
萊姆斯早午餐,秘密基地,75
米豆Mido,哈堡堡,29
哈堡堡,米豆Mido,29
米豆Mido,熟檸檬食肆,41
熟檸檬食肆,米豆Mido,41
米豆Mido,滷味居,45
滷味居,米豆Mido,45
米豆Mido,歐姆萊斯,55
歐姆萊斯,米豆Mido,55
米豆Mido,達啵廚房,64
達啵廚房,米豆Mido,64
米豆Mido,漢林大漢堡,36
漢林大漢堡,米豆Mido,36
米豆Mido,米樂義大利,43
米樂義大利,米豆Mido,43
米豆Mido,九品,49
九品,米豆Mido,49
米豆Mido,麥克小姐,58
麥克小姐,米豆Mido,58
米豆Mido,福陞紅油炒手,69
福陞紅油炒手,米豆Mido,69
米豆Mido,萊客堡早午餐,70
萊客堡早午餐,米豆Mido,70
米豆Mido,白胡子牛排館,74
白胡子牛排館,米豆Mido,74
米豆Mido,美式早餐屋,60
美式早餐屋,米豆Mido,60
米豆Mido,幸福小館,10
幸福小館,米豆Mido,10
米豆Mido,Daddy's美式餐廳,110
Daddy's美式餐廳,米豆Mido,110
米豆Mido,馬爾波咖啡,97
馬爾波咖啡,米豆Mido,97
米豆Mido,家鄉麵店,71
家鄉麵店,米豆Mido,71
米豆Mido,香米自助餐,77
香米自助餐,米豆Mido,77
米豆Mido,八哥重慶酸辣粉,101
八哥重慶酸辣粉,米豆Mido,101
米豆Mido,中壢正新明牛肉麵,21
中壢正新明牛肉麵,米豆Mido,21
米豆Mido,我家便利商店,25
我家便利商店,米豆Mido,25
米豆Mido,大中央厚切牛排,17
大中央厚切牛排,米豆Mido,17
米豆Mido,竹香自助餐,58
竹香自助餐,米豆Mido,58
米豆Mido,健康美食館,15
健康美食館,米豆Mido,15
米豆Mido,惟客早餐店,79
惟客早餐店,米豆Mido,79
米豆Mido,萊姆斯早午餐,83
萊姆斯早午餐,米豆Mido,83
哈堡堡,熟檸檬食肆,42
熟檸檬食肆,哈堡堡,42
哈堡堡,滷味居,46
滷味居,哈堡堡,46
哈堡堡,歐姆萊斯,57
歐姆萊斯,哈堡堡,57
哈堡堡,達啵廚房,67
達啵廚房,哈堡堡,67
哈堡堡,漢林大漢堡,51
漢林大漢堡,哈堡堡,51
哈堡堡,米樂義大利,57
米樂義大利,哈堡堡,57
哈堡堡,九品,60
九品,哈堡堡,60
哈堡堡,麥克小姐,69
麥克小姐,哈堡堡,69
哈堡堡,福陞紅油炒手,79
福陞紅油炒手,哈堡堡,79
哈堡堡,萊客堡早午餐,77
萊客堡早午餐,哈堡堡,77
哈堡堡,白胡子牛排館,80
白胡子牛排館,哈堡堡,80
哈堡堡,美式早餐屋,62
美式早餐屋,哈堡堡,62
哈堡堡,幸福小館,30
幸福小館,哈堡堡,30
哈堡堡,Daddy's美式餐廳,108
Daddy's美式餐廳,哈堡堡,108
哈堡堡,馬爾波咖啡,96
馬爾波咖啡,哈堡堡,96
哈堡堡,家鄉麵店,73
家鄉麵店,哈堡堡,73
哈堡堡,香米自助餐,78
香米自助餐,哈堡堡,78
哈堡堡,八哥重慶酸辣粉,99
八哥重慶酸辣粉,哈堡堡,99
哈堡堡,中壢正新明牛肉麵,22
中壢正新明牛肉麵,哈堡堡,22
哈堡堡,我家便利商店,26
我家便利商店,哈堡堡,26
哈堡堡,大中央厚切牛排,37
大中央厚切牛排,哈堡堡,37
哈堡堡,竹香自助餐,37
竹香自助餐,哈堡堡,37
哈堡堡,健康美食館,15
健康美食館,哈堡堡,15
哈堡堡,惟客早餐店,84
惟客早餐店,哈堡堡,84
哈堡堡,萊姆斯早午餐,87
萊姆斯早午餐,哈堡堡,87
熟檸檬食肆,滷味居,10
滷味居,熟檸檬食肆,10
熟檸檬食肆,歐姆萊斯,15
歐姆萊斯,熟檸檬食肆,15
熟檸檬食肆,達啵廚房,25
達啵廚房,熟檸檬食肆,25
熟檸檬食肆,漢林大漢堡,20
漢林大漢堡,熟檸檬食肆,20
熟檸檬食肆,米樂義大利,21
米樂義大利,熟檸檬食肆,21
熟檸檬食肆,九品,21
九品,熟檸檬食肆,21
熟檸檬食肆,麥克小姐,29
麥克小姐,熟檸檬食肆,29
熟檸檬食肆,福陞紅油炒手,37
福陞紅油炒手,熟檸檬食肆,37
熟檸檬食肆,萊客堡早午餐,34
萊客堡早午餐,熟檸檬食肆,34
熟檸檬食肆,白胡子牛排館,37
白胡子牛排館,熟檸檬食肆,37
熟檸檬食肆,美式早餐屋,20
美式早餐屋,熟檸檬食肆,20
熟檸檬食肆,幸福小館,47
幸福小館,熟檸檬食肆,47
熟檸檬食肆,Daddy's美式餐廳,69
Daddy's美式餐廳,熟檸檬食肆,69
熟檸檬食肆,馬爾波咖啡,57
馬爾波咖啡,熟檸檬食肆,57
熟檸檬食肆,家鄉麵店,31
家鄉麵店,熟檸檬食肆,31
熟檸檬食肆,香米自助餐,37
香米自助餐,熟檸檬食肆,37
熟檸檬食肆,八哥重慶酸辣粉,60
八哥重慶酸辣粉,熟檸檬食肆,60
熟檸檬食肆,中壢正新明牛肉麵,55
中壢正新明牛肉麵,熟檸檬食肆,55
熟檸檬食肆,我家便利商店,60
我家便利商店,熟檸檬食肆,60
熟檸檬食肆,大中央厚切牛排,26
大中央厚切牛排,熟檸檬食肆,26
熟檸檬食肆,竹香自助餐,35
竹香自助餐,熟檸檬食肆,35
熟檸檬食肆,健康美食館,34
健康美食館,熟檸檬食肆,34
熟檸檬食肆,惟客早餐店,42
惟客早餐店,熟檸檬食肆,42
熟檸檬食肆,萊姆斯早午餐,44
萊姆斯早午餐,熟檸檬食肆,44
滷味居,歐姆萊斯,11
歐姆萊斯,滷味居,11
滷味居,達啵廚房,20
達啵廚房,滷味居,20
滷味居,漢林大漢堡,20
漢林大漢堡,滷味居,20
滷味居,米樂義大利,20
米樂義大利,滷味居,20
滷味居,九品,19
九品,滷味居,19
滷味居,麥克小姐,26
麥克小姐,滷味居,26
滷味居,福陞紅油炒手,34
福陞紅油炒手,滷味居,34
滷味居,萊客堡早午餐,30
萊客堡早午餐,滷味居,30
滷味居,白胡子牛排館,33
白胡子牛排館,滷味居,33
滷味居,美式早餐屋,16
美式早餐屋,滷味居,16
滷味居,幸福小館,51
幸福小館,滷味居,51
滷味居,Daddy's美式餐廳,65
Daddy's美式餐廳,滷味居,65
滷味居,馬爾波咖啡,52
馬爾波咖啡,滷味居,52
滷味居,家鄉麵店,27
家鄉麵店,滷味居,27
滷味居,香米自助餐,32
香米自助餐,滷味居,32
滷味居,八哥重慶酸辣粉,56
八哥重慶酸辣粉,滷味居,56
滷味居,中壢正新明牛肉麵,59
中壢正新明牛肉麵,滷味居,59
滷味居,我家便利商店,64
我家便利商店,滷味居,64
滷味居,大中央厚切牛排,29
大中央厚切牛排,滷味居,29
滷味居,竹香自助餐,37
竹香自助餐,滷味居,37
滷味居,健康美食館,39
健康美食館,滷味居,39
滷味居,惟客早餐店,38
惟客早餐店,滷味居,38
滷味居,萊姆斯早午餐,40
萊姆斯早午餐,滷味居,40
歐姆萊斯,達啵廚房,10
達啵廚房,歐姆萊斯,10
歐姆萊斯,漢林大漢堡,25
漢林大漢堡,歐姆萊斯,25
歐姆萊斯,米樂義大利,21
米樂義大利,歐姆萊斯,21
歐姆萊斯,九品,17
九品,歐姆萊斯,17
歐姆萊斯,麥克小姐,20
麥克小姐,歐姆萊斯,20
歐姆萊斯,福陞紅油炒手,25
福陞紅油炒手,歐姆萊斯,25
歐姆萊斯,萊客堡早午餐,20
萊客堡早午餐,歐姆萊斯,20
歐姆萊斯,白胡子牛排館,22
白胡子牛排館,歐姆萊斯,22
歐姆萊斯,美式早餐屋,10
美式早餐屋,歐姆萊斯,10
歐姆萊斯,幸福小館,61
幸福小館,歐姆萊斯,61
歐姆萊斯,Daddy's美式餐廳,55
Daddy's美式餐廳,歐姆萊斯,55
歐姆萊斯,馬爾波咖啡,42
馬爾波咖啡,歐姆萊斯,42
歐姆萊斯,家鄉麵店,16
家鄉麵店,歐姆萊斯,16
歐姆萊斯,香米自助餐,22
香米自助餐,歐姆萊斯,22
歐姆萊斯,八哥重慶酸辣粉,46
八哥重慶酸辣粉,歐姆萊斯,46
歐姆萊斯,中壢正新明牛肉麵,70
中壢正新明牛肉麵,歐姆萊斯,70
歐姆萊斯,我家便利商店,75
我家便利商店,歐姆萊斯,75
歐姆萊斯,大中央厚切牛排,38
大中央厚切牛排,歐姆萊斯,38
歐姆萊斯,竹香自助餐,43
竹香自助餐,歐姆萊斯,43
歐姆萊斯,健康美食館,50
健康美食館,歐姆萊斯,50
歐姆萊斯,惟客早餐店,27
惟客早餐店,歐姆萊斯,27
歐姆萊斯,萊姆斯早午餐,29
萊姆斯早午餐,歐姆萊斯,29
達啵廚房,漢林大漢堡,31
漢林大漢堡,達啵廚房,31
達啵廚房,米樂義大利,26
米樂義大利,達啵廚房,26
達啵廚房,九品,21
九品,達啵廚房,21
達啵廚房,麥克小姐,19
麥克小姐,達啵廚房,19
達啵廚房,福陞紅油炒手,19
福陞紅油炒手,達啵廚房,19
達啵廚房,萊客堡早午餐,12
萊客堡早午餐,達啵廚房,12
達啵廚房,白胡子牛排館,13
白胡子牛排館,達啵廚房,13
達啵廚房,美式早餐屋,10
美式早餐屋,達啵廚房,10
達啵廚房,幸福小館,70
幸福小館,達啵廚房,70
達啵廚房,Daddy's美式餐廳,47
Daddy's美式餐廳,達啵廚房,47
達啵廚房,馬爾波咖啡,34
馬爾波咖啡,達啵廚房,34
達啵廚房,家鄉麵店,10
家鄉麵店,達啵廚房,10
達啵廚房,香米自助餐,13
香米自助餐,達啵廚房,13
達啵廚房,八哥重慶酸辣粉,37
八哥重慶酸辣粉,達啵廚房,37
達啵廚房,中壢正新明牛肉麵,80
中壢正新明牛肉麵,達啵廚房,80
達啵廚房,我家便利商店,85
我家便利商店,達啵廚房,85
達啵廚房,大中央厚切牛排,47
大中央厚切牛排,達啵廚房,47
達啵廚房,竹香自助餐,50
竹香自助餐,達啵廚房,50
達啵廚房,健康美食館,59
健康美食館,達啵廚房,59
達啵廚房,惟客早餐店,17
惟客早餐店,達啵廚房,17
達啵廚房,萊姆斯早午餐,19
萊姆斯早午餐,達啵廚房,19
漢林大漢堡,米樂義大利,10
米樂義大利,漢林大漢堡,10
漢林大漢堡,九品,12
九品,漢林大漢堡,12
漢林大漢堡,麥克小姐,21
麥克小姐,漢林大漢堡,21
漢林大漢堡,福陞紅油炒手,33
福陞紅油炒手,漢林大漢堡,33
漢林大漢堡,萊客堡早午餐,35
萊客堡早午餐,漢林大漢堡,35
漢林大漢堡,白胡子牛排館,39
白胡子牛排館,漢林大漢堡,39
漢林大漢堡,美式早餐屋,28
美式早餐屋,漢林大漢堡,28
漢林大漢堡,幸福小館,42
幸福小館,漢林大漢堡,42
漢林大漢堡,Daddy's美式餐廳,79
Daddy's美式餐廳,漢林大漢堡,79
漢林大漢堡,馬爾波咖啡,65
馬爾波咖啡,漢林大漢堡,65
漢林大漢堡,家鄉麵店,38
家鄉麵店,漢林大漢堡,38
漢林大漢堡,香米自助餐,44
香米自助餐,漢林大漢堡,44
漢林大漢堡,八哥重慶酸辣粉,69
八哥重慶酸辣粉,漢林大漢堡,69
漢林大漢堡,中壢正新明牛肉麵,56
中壢正新明牛肉麵,漢林大漢堡,56
漢林大漢堡,我家便利商店,60
我家便利商店,漢林大漢堡,60
漢林大漢堡,大中央厚切牛排,18
大中央厚切牛排,漢林大漢堡,18
漢林大漢堡,竹香自助餐,55
竹香自助餐,漢林大漢堡,55
漢林大漢堡,健康美食館,38
健康美食館,漢林大漢堡,38
漢林大漢堡,惟客早餐店,44
惟客早餐店,漢林大漢堡,44
漢林大漢堡,萊姆斯早午餐,48
萊姆斯早午餐,漢林大漢堡,48
米樂義大利,九品,10
九品,米樂義大利,10
米樂義大利,麥克小姐,14
麥克小姐,米樂義大利,14
米樂義大利,福陞紅油炒手,26
福陞紅油炒手,米樂義大利,26
米樂義大利,萊客堡早午餐,28
萊客堡早午餐,米樂義大利,28
米樂義大利,白胡子牛排館,32
白胡子牛排館,米樂義大利,32
米樂義大利,美式早餐屋,24
美式早餐屋,米樂義大利,24
米樂義大利,幸福小館,49
幸福小館,米樂義大利,49
米樂義大利,Daddy's美式餐廳,73
Daddy's美式餐廳,米樂義大利,73
米樂義大利,馬爾波咖啡,60
馬爾波咖啡,米樂義大利,60
米樂義大利,家鄉麵店,32
家鄉麵店,米樂義大利,32
米樂義大利,香米自助餐,39
香米自助餐,米樂義大利,39
米樂義大利,八哥重慶酸辣粉,63
八哥重慶酸辣粉,米樂義大利,63
米樂義大利,中壢正新明牛肉麵,62
中壢正新明牛肉麵,米樂義大利,62
米樂義大利,我家便利商店,67
我家便利商店,米樂義大利,67
米樂義大利,大中央厚切牛排,25
大中央厚切牛排,米樂義大利,25
米樂義大利,竹香自助餐,57
竹香自助餐,米樂義大利,57
米樂義大利,健康美食館,45
健康美食館,米樂義大利,45
米樂義大利,惟客早餐店,38
惟客早餐店,米樂義大利,38
米樂義大利,萊姆斯早午餐,41
萊姆斯早午餐,米樂義大利,41
九品,麥克小姐,10
麥克小姐,九品,10
九品,福陞紅油炒手,20
福陞紅油炒手,九品,20
九品,萊客堡早午餐,22
萊客堡早午餐,九品,22
九品,白胡子牛排館,26
白胡子牛排館,九品,26
九品,美式早餐屋,19
美式早餐屋,九品,19
九品,幸福小館,55
幸福小館,九品,55
九品,Daddy's美式餐廳,67
Daddy's美式餐廳,九品,67
九品,馬爾波咖啡,54
馬爾波咖啡,九品,54
九品,家鄉麵店,27
家鄉麵店,九品,27
九品,香米自助餐,33
香米自助餐,九品,33
九品,八哥重慶酸辣粉,57
八哥重慶酸辣粉,九品,57
九品,中壢正新明牛肉麵,67
中壢正新明牛肉麵,九品,67
九品,我家便利商店,72
我家便利商店,九品,72
九品,大中央厚切牛排,31
大中央厚切牛排,九品,31
九品,竹香自助餐,57
竹香自助餐,九品,57
九品,健康美食館,49
健康美食館,九品,49
九品,惟客早餐店,32
惟客早餐店,九品,32
九品,萊姆斯早午餐,35
萊姆斯早午餐,九品,35
麥克小姐,福陞紅油炒手,11
福陞紅油炒手,麥克小姐,11
麥克小姐,萊客堡早午餐,15
萊客堡早午餐,麥克小姐,15
麥克小姐,白胡子牛排館,19
白胡子牛排館,麥克小姐,19
麥克小姐,美式早餐屋,19
美式早餐屋,麥克小姐,19
麥克小姐,幸福小館,64
幸福小館,麥克小姐,64
麥克小姐,Daddy's美式餐廳,61
Daddy's美式餐廳,麥克小姐,61
麥克小姐,馬爾波咖啡,49
馬爾波咖啡,麥克小姐,49
麥克小姐,家鄉麵店,23
家鄉麵店,麥克小姐,23
麥克小姐,香米自助餐,29
香米自助餐,麥克小姐,29
麥克小姐,八哥重慶酸辣粉,52
八哥重慶酸辣粉,麥克小姐,52
麥克小姐,中壢正新明牛肉麵,77
中壢正新明牛肉麵,麥克小姐,77
麥克小姐,我家便利商店,81
我家便利商店,麥克小姐,81
麥克小姐,大中央厚切牛排,40
大中央厚切牛排,麥克小姐,40
麥克小姐,竹香自助餐,63
竹香自助餐,麥克小姐,63
麥克小姐,健康美食館,58
健康美食館,麥克小姐,58
麥克小姐,惟客早餐店,25
惟客早餐店,麥克小姐,25
麥克小姐,萊姆斯早午餐,28
萊姆斯早午餐,麥克小姐,28
福陞紅油炒手,萊客堡早午餐,10
萊客堡早午餐,福陞紅油炒手,10
福陞紅油炒手,白胡子牛排館,11
白胡子牛排館,福陞紅油炒手,11
福陞紅油炒手,美式早餐屋,22
美式早餐屋,福陞紅油炒手,22
福陞紅油炒手,幸福小館,75
幸福小館,福陞紅油炒手,75
福陞紅油炒手,Daddy's美式餐廳,53
Daddy's美式餐廳,福陞紅油炒手,53
福陞紅油炒手,馬爾波咖啡,40
馬爾波咖啡,福陞紅油炒手,40
福陞紅油炒手,家鄉麵店,19
家鄉麵店,福陞紅油炒手,19
福陞紅油炒手,香米自助餐,24
香米自助餐,福陞紅油炒手,24
福陞紅油炒手,八哥重慶酸辣粉,44
八哥重慶酸辣粉,福陞紅油炒手,44
福陞紅油炒手,中壢正新明牛肉麵,88
中壢正新明牛肉麵,福陞紅油炒手,88
福陞紅油炒手,我家便利商店,92
我家便利商店,福陞紅油炒手,92
福陞紅油炒手,大中央厚切牛排,51
大中央厚切牛排,福陞紅油炒手,51
福陞紅油炒手,竹香自助餐,68
竹香自助餐,福陞紅油炒手,68
福陞紅油炒手,健康美食館,69
健康美食館,福陞紅油炒手,69
福陞紅油炒手,惟客早餐店,16
惟客早餐店,福陞紅油炒手,16
福陞紅油炒手,萊姆斯早午餐,19
萊姆斯早午餐,福陞紅油炒手,19
萊客堡早午餐,白胡子牛排館,10
白胡子牛排館,萊客堡早午餐,10
萊客堡早午餐,美式早餐屋,16
美式早餐屋,萊客堡早午餐,16
萊客堡早午餐,幸福小館,77
幸福小館,萊客堡早午餐,77
萊客堡早午餐,Daddy's美式餐廳,46
Daddy's美式餐廳,萊客堡早午餐,46
萊客堡早午餐,馬爾波咖啡,33
馬爾波咖啡,萊客堡早午餐,33
萊客堡早午餐,家鄉麵店,11
家鄉麵店,萊客堡早午餐,11
萊客堡早午餐,香米自助餐,15
香米自助餐,萊客堡早午餐,15
萊客堡早午餐,八哥重慶酸辣粉,37
八哥重慶酸辣粉,萊客堡早午餐,37
萊客堡早午餐,中壢正新明牛肉麵,88
中壢正新明牛肉麵,萊客堡早午餐,88
萊客堡早午餐,我家便利商店,93
我家便利商店,萊客堡早午餐,93
萊客堡早午餐,大中央厚切牛排,53
大中央厚切牛排,萊客堡早午餐,53
萊客堡早午餐,竹香自助餐,62
竹香自助餐,萊客堡早午餐,62
萊客堡早午餐,健康美食館,68
健康美食館,萊客堡早午餐,68
萊客堡早午餐,惟客早餐店,10
惟客早餐店,萊客堡早午餐,10
萊客堡早午餐,萊姆斯早午餐,13
萊姆斯早午餐,萊客堡早午餐,13
白胡子牛排館,美式早餐屋,17
美式早餐屋,白胡子牛排館,17
白胡子牛排館,幸福小館,80
幸福小館,白胡子牛排館,80
白胡子牛排館,Daddy's美式餐廳,42
Daddy's美式餐廳,白胡子牛排館,42
白胡子牛排館,馬爾波咖啡,29
馬爾波咖啡,白胡子牛排館,29
白胡子牛排館,家鄉麵店,10
家鄉麵店,白胡子牛排館,10
白胡子牛排館,香米自助餐,12
香米自助餐,白胡子牛排館,12
白胡子牛排館,八哥重慶酸辣粉,33
八哥重慶酸辣粉,白胡子牛排館,33
白胡子牛排館,中壢正新明牛肉麵,91
中壢正新明牛肉麵,白胡子牛排館,91
白胡子牛排館,我家便利商店,96
我家便利商店,白胡子牛排館,96
白胡子牛排館,大中央厚切牛排,56
大中央厚切牛排,白胡子牛排館,56
白胡子牛排館,竹香自助餐,63
竹香自助餐,白胡子牛排館,63
白胡子牛排館,健康美食館,71
健康美食館,白胡子牛排館,71
白胡子牛排館,惟客早餐店,10
惟客早餐店,白胡子牛排館,10
白胡子牛排館,萊姆斯早午餐,10
萊姆斯早午餐,白胡子牛排館,10
美式早餐屋,幸福小館,66
幸福小館,美式早餐屋,66
美式早餐屋,Daddy's美式餐廳,51
Daddy's美式餐廳,美式早餐屋,51
美式早餐屋,馬爾波咖啡,38
馬爾波咖啡,美式早餐屋,38
美式早餐屋,家鄉麵店,11
家鄉麵店,美式早餐屋,11
美式早餐屋,香米自助餐,17
香米自助餐,美式早餐屋,17
美式早餐屋,八哥重慶酸辣粉,41
八哥重慶酸辣粉,美式早餐屋,41
美式早餐屋,中壢正新明牛肉麵,75
中壢正新明牛肉麵,美式早餐屋,75
美式早餐屋,我家便利商店,80
我家便利商店,美式早餐屋,80
美式早餐屋,大中央厚切牛排,43
大中央厚切牛排,美式早餐屋,43
美式早餐屋,竹香自助餐,46
竹香自助餐,美式早餐屋,46
美式早餐屋,健康美食館,55
健康美食館,美式早餐屋,55
美式早餐屋,惟客早餐店,22
惟客早餐店,美式早餐屋,22
美式早餐屋,萊姆斯早午餐,24
萊姆斯早午餐,美式早餐屋,24
幸福小館,Daddy's美式餐廳,117
Daddy's美式餐廳,幸福小館,117
幸福小館,馬爾波咖啡,104
馬爾波咖啡,幸福小館,104
幸福小館,家鄉麵店,77
家鄉麵店,幸福小館,77
幸福小館,香米自助餐,83
香米自助餐,幸福小館,83
幸福小館,八哥重慶酸辣粉,107
八哥重慶酸辣粉,幸福小館,107
幸福小館,中壢正新明牛肉麵,17
中壢正新明牛肉麵,幸福小館,17
幸福小館,我家便利商店,20
我家便利商店,幸福小館,20
幸福小館,大中央厚切牛排,24
大中央厚切牛排,幸福小館,24
幸福小館,竹香自助餐,62
竹香自助餐,幸福小館,62
幸福小館,健康美食館,18
健康美食館,幸福小館,18
幸福小館,惟客早餐店,86
惟客早餐店,幸福小館,86
幸福小館,萊姆斯早午餐,89
萊姆斯早午餐,幸福小館,89
Daddy's美式餐廳,馬爾波咖啡,13
馬爾波咖啡,Daddy's美式餐廳,13
Daddy's美式餐廳,家鄉麵店,40
家鄉麵店,Daddy's美式餐廳,40
Daddy's美式餐廳,香米自助餐,34
香米自助餐,Daddy's美式餐廳,34
Daddy's美式餐廳,八哥重慶酸辣粉,10
八哥重慶酸辣粉,Daddy's美式餐廳,10
Daddy's美式餐廳,中壢正新明牛肉麵,124
中壢正新明牛肉麵,Daddy's美式餐廳,124
Daddy's美式餐廳,大中央厚切牛排,94
大中央厚切牛排,Daddy's美式餐廳,94
Daddy's美式餐廳,竹香自助餐,78
竹香自助餐,Daddy's美式餐廳,78
Daddy's美式餐廳,健康美食館,103
健康美食館,Daddy's美式餐廳,103
Daddy's美式餐廳,惟客早餐店,37
惟客早餐店,Daddy's美式餐廳,37
Daddy's美式餐廳,萊姆斯早午餐,33
萊姆斯早午餐,Daddy's美式餐廳,33
馬爾波咖啡,家鄉麵店,27
家鄉麵店,馬爾波咖啡,27
馬爾波咖啡,香米自助餐,20
香米自助餐,馬爾波咖啡,20
馬爾波咖啡,八哥重慶酸辣粉,10
八哥重慶酸辣粉,馬爾波咖啡,10
馬爾波咖啡,中壢正新明牛肉麵,111
中壢正新明牛肉麵,馬爾波咖啡,111
馬爾波咖啡,我家便利商店,116
我家便利商店,馬爾波咖啡,116
馬爾波咖啡,大中央厚切牛排,81
大中央厚切牛排,馬爾波咖啡,81
馬爾波咖啡,竹香自助餐,68
竹香自助餐,馬爾波咖啡,68
馬爾波咖啡,健康美食館,91
健康美食館,馬爾波咖啡,91
馬爾波咖啡,惟客早餐店,24
惟客早餐店,馬爾波咖啡,24
馬爾波咖啡,萊姆斯早午餐,21
萊姆斯早午餐,馬爾波咖啡,21
家鄉麵店,香米自助餐,10
香米自助餐,家鄉麵店,10
家鄉麵店,八哥重慶酸辣粉,31
八哥重慶酸辣粉,家鄉麵店,31
家鄉麵店,中壢正新明牛肉麵,86
中壢正新明牛肉麵,家鄉麵店,86
家鄉麵店,我家便利商店,91
我家便利商店,家鄉麵店,91
家鄉麵店,大中央厚切牛排,54
大中央厚切牛排,家鄉麵店,54
家鄉麵店,竹香自助餐,53
竹香自助餐,家鄉麵店,53
家鄉麵店,健康美食館,66
健康美食館,家鄉麵店,66
家鄉麵店,惟客早餐店,12
惟客早餐店,家鄉麵店,12
家鄉麵店,萊姆斯早午餐,14
萊姆斯早午餐,家鄉麵店,14
香米自助餐,八哥重慶酸辣粉,24
八哥重慶酸辣粉,香米自助餐,24
香米自助餐,中壢正新明牛肉麵,92
中壢正新明牛肉麵,香米自助餐,92
香米自助餐,我家便利商店,97
我家便利商店,香米自助餐,97
香米自助餐,大中央厚切牛排,60
大中央厚切牛排,香米自助餐,60
香米自助餐,竹香自助餐,56
竹香自助餐,香米自助餐,56
香米自助餐,健康美食館,71
健康美食館,香米自助餐,71
香米自助餐,惟客早餐店,11
惟客早餐店,香米自助餐,11
香米自助餐,萊姆斯早午餐,11
萊姆斯早午餐,香米自助餐,11
九餐,香米便當,55
香米便當,九餐,55
雞師父醬汁照燒雞排,燈丫腳湯包車,10
燈丫腳湯包車,雞師父醬汁照燒雞排,10
雞師父醬汁照燒雞排,Ticket Toast 提齊熱壓吐司,10
Ticket Toast 提齊熱壓吐司,雞師父醬汁照燒雞排,10
雞師父醬汁照燒雞排,Main蛋,64
Main蛋,雞師父醬汁照燒雞排,64
松院餐廳,路易莎咖啡,10
路易莎咖啡,松院餐廳,10
燈丫腳湯包車,Ticket Toast 提齊熱壓吐司,12
Ticket Toast 提齊熱壓吐司,燈丫腳湯包車,12
燈丫腳湯包車,Main蛋,66
Main蛋,燈丫腳湯包車,66
Ticket Toast 提齊熱壓吐司,Main蛋,60
Main蛋,Ticket Toast 提齊熱壓吐司,60
八哥重慶酸辣粉,中壢正新明牛肉麵,115
中壢正新明牛肉麵,八哥重慶酸辣粉,115
八哥重慶酸辣粉,我家便利商店,120
我家便利商店,八哥重慶酸辣粉,120
八哥重慶酸辣粉,大中央厚切牛排,85
大中央厚切牛排,八哥重慶酸辣粉,85
八哥重慶酸辣粉,竹香自助餐,71
竹香自助餐,八哥重慶酸辣粉,71
八哥重慶酸辣粉,健康美食館,94
健康美食館,八哥重慶酸辣粉,94
八哥重慶酸辣粉,惟客早餐店,28
惟客早餐店,八哥重慶酸辣粉,28
八哥重慶酸辣粉,萊姆斯早午餐,24
萊姆斯早午餐,八哥重慶酸辣粉,24
中壢正新明牛肉麵,我家便利商店,10
我家便利商店,中壢正新明牛肉麵,10
中壢正新明牛肉麵,大中央厚切牛排,37
大中央厚切牛排,中壢正新明牛肉麵,37
中壢正新明牛肉麵,竹香自助餐,59
竹香自助餐,中壢正新明牛肉麵,59
中壢正新明牛肉麵,健康美食館,20
健康美食館,中壢正新明牛肉麵,20
中壢正新明牛肉麵,惟客早餐店,96
惟客早餐店,中壢正新明牛肉麵,96
中壢正新明牛肉麵,萊姆斯早午餐,99
萊姆斯早午餐,中壢正新明牛肉麵,99
我家便利商店,大中央厚切牛排,42
大中央厚切牛排,我家便利商店,42
我家便利商店,竹香自助餐,63
竹香自助餐,我家便利商店,63
我家便利商店,健康美食館,25
健康美食館,我家便利商店,25
我家便利商店,惟客早餐店,101
惟客早餐店,我家便利商店,101
我家便利商店,萊姆斯早午餐,104
萊姆斯早午餐,我家便利商店,104
大中央厚切牛排,竹香自助餐,53
竹香自助餐,大中央厚切牛排,53
大中央厚切牛排,健康美食館,22
健康美食館,大中央厚切牛排,22
大中央厚切牛排,惟客早餐店,62
惟客早餐店,大中央厚切牛排,62
大中央厚切牛排,萊姆斯早午餐,65
萊姆斯早午餐,大中央厚切牛排,65
竹香自助餐,健康美食館,43
健康美食館,竹香自助餐,43
竹香自助餐,惟客早餐店,66
惟客早餐店,竹香自助餐,66
竹香自助餐,萊姆斯早午餐,67
萊姆斯早午餐,竹香自助餐,67
健康美食館,惟客早餐店,76
惟客早餐店,健康美食館,76
健康美食館,萊姆斯早午餐,79
萊姆斯早午餐,健康美食館,79
惟客早餐店,萊姆斯早午餐,10
萊姆斯早午餐,惟客早餐店,10
